key,appearances,losses,draws,wins,clean_sheet,mins_played,attempts_conceded_ibox,game_started,accurate_back_zone_pass,accurate_pass,attempts_conceded_obox,poss_lost_all,poss_lost_ctrl,total_back_zone_pass,total_long_balls,total_pass,touches,long_pass_own_to_opp,total_fwd_zone_pass,accurate_long_balls,final_third_entries,Aerial Reach_fm,Command of Area_fm,Communication_fm,Eccentricity_fm,First Touch_fm,Handling_fm,Kicking_fm,One on Ones_fm,Passing_fm,Punching (Tendency)_fm,Reflexes_fm,Rushing Out (Tendency)_fm,Throwing_fm,Aggression_fm,Anticipation_fm,Bravery_fm,Composure_fm,Concentration_fm,Decisions_fm,Determination_fm,Flair_fm,Leadership_fm,Off the Ball_fm,Positioning_fm,Teamwork_fm,Vision_fm,Work Rate_fm,Acceleration_fm,Agility_fm,Balance_fm,Jumping Reach_fm,Natural Fitness_fm,Pace_fm,Stamina_fm,Strength_fm,Free Kick Taking_fm,Penalty Taking_fm,Technique_fm,Length_fm,Weight_fm,Sell value_fm,Wages_fm,ability_fm,potential_fm,age,is_keeper
709.0,135.0,57.0,41.0,37.0,30.0,8646.0,769.0,94.0,347.0,917.0,605.0,1875.0,1868.0,486.0,1970.0,2256.0,4233.0,2559.0,1770.0,663.0,1396.0,0.7999999999999999,0.6333333333333334,0.6166666666666666,0.35000000000000003,0.3666666666666667,0.6999999999999998,0.5666666666666668,0.75,0.5,0.26666666666666666,0.8166666666666668,0.5666666666666668,0.6,0.39999999999999997,0.6166666666666667,0.7166666666666667,0.6666666666666666,0.7333333333333334,0.5833333333333334,0.6666666666666666,0.10000000000000002,0.6166666666666666,0.08333333333333333,0.7000000000000001,0.6,0.4166666666666667,0.5,0.35000000000000003,0.65,0.5833333333333334,0.8666666666666667,0.6,0.3666666666666667,0.5499999999999999,0.75,0.31666666666666665,0.13333333333333333,0.4166666666666667,0.85,0.8846666666666666,0.01966666666666667,0.12133333333333333,0.66,0.77,1.3428571428571427,1.0
851.0,450.0,156.0,127.0,168.0,113.0,13936.0,1327.0,158.0,772.0,1603.0,991.0,2783.0,2761.0,990.0,2934.0,3541.0,6961.0,3728.0,2551.0,1066.0,1715.0,0.7833333333333332,0.5333333333333333,0.6,0.21666666666666667,0.4166666666666667,0.6333333333333333,0.6666666666666666,0.7666666666666666,0.5833333333333334,0.6166666666666667,0.7333333333333334,0.6166666666666666,0.6166666666666667,0.4333333333333333,0.6333333333333333,0.65,0.5833333333333334,0.6166666666666667,0.6333333333333333,0.75,0.10000000000000002,0.3833333333333333,0.13333333333333333,0.7000000000000001,0.4833333333333334,0.39999999999999997,0.55,0.35000000000000003,0.65,0.6166666666666667,0.8833333333333333,0.5833333333333334,0.3666666666666667,0.5333333333333333,0.8166666666666668,0.3499999999999999,0.13333333333333333,0.44999999999999996,0.9,0.8843333333333333,0.027,0.09733333333333333,0.6233333333333334,0.7133333333333333,1.3142857142857143,1.0
1218.0,514.0,200.0,145.0,169.0,151.0,22680.0,1966.0,252.0,1186.0,2393.0,1785.0,4264.0,4241.0,1559.0,4262.0,5350.0,11315.0,5718.0,3791.0,1461.0,2420.0,0.7166666666666667,0.6333333333333333,0.6666666666666666,0.4666666666666666,0.43333333333333335,0.6333333333333333,0.7000000000000001,0.7333333333333334,0.6666666666666666,0.5833333333333334,0.7166666666666667,0.7166666666666667,0.6,0.65,0.6833333333333332,0.6666666666666666,0.5,0.65,0.5833333333333334,0.7333333333333333,0.16666666666666666,0.5333333333333333,0.18333333333333335,0.6833333333333332,0.55,0.43333333333333335,0.5666666666666668,0.4166666666666667,0.7333333333333334,0.5666666666666668,0.75,0.7000000000000001,0.46666666666666673,0.5833333333333334,0.7000000000000001,0.25,0.18333333333333332,0.46666666666666673,0.8250000000000001,0.8843333333333333,0.108,0.118,0.65,0.7333333333333334,1.4285714285714286,1.0
1295.0,34.0,11.0,11.0,12.0,2.0,1078.0,127.0,11.0,22.0,94.0,105.0,197.0,196.0,34.0,177.0,198.0,461.0,292.0,164.0,78.0,138.0,0.6499999999999999,0.6333333333333333,0.5833333333333334,0.38333333333333336,0.30000000000000004,0.6833333333333332,0.5499999999999999,0.65,0.5,0.3333333333333333,0.7666666666666666,0.55,0.6166666666666667,0.39999999999999997,0.5166666666666666,0.6,0.6166666666666667,0.5333333333333333,0.5166666666666666,0.6833333333333332,0.15,0.5333333333333333,0.35000000000000003,0.6666666666666666,0.5166666666666667,0.5,0.5666666666666667,0.5166666666666667,0.6833333333333332,0.6333333333333333,0.7666666666666666,0.5833333333333334,0.5,0.6166666666666667,0.65,0.26666666666666666,0.13333333333333333,0.48333333333333334,0.725,0.848,0.008666666666666668,0.05266666666666667,0.6000000000000001,0.6733333333333333,1.2,1.0
1342.0,436.0,183.0,116.0,137.0,108.0,22563.0,2230.0,251.0,573.0,2544.0,1727.0,4446.0,4428.0,803.0,5163.0,5647.0,11357.0,7137.0,4844.0,2143.0,3967.0,0.7166666666666667,0.6333333333333333,0.6666666666666666,0.4666666666666666,0.43333333333333335,0.6333333333333333,0.7000000000000001,0.7333333333333334,0.6666666666666666,0.5833333333333334,0.7166666666666667,0.7166666666666667,0.6,0.65,0.6833333333333332,0.6666666666666666,0.5,0.65,0.5833333333333334,0.7333333333333333,0.16666666666666666,0.5333333333333333,0.18333333333333335,0.6833333333333332,0.55,0.43333333333333335,0.5666666666666668,0.4166666666666667,0.7333333333333334,0.5666666666666668,0.75,0.7000000000000001,0.46666666666666673,0.5833333333333334,0.7000000000000001,0.25,0.18333333333333332,0.46666666666666673,0.8250000000000001,0.8843333333333333,0.108,0.118,0.65,0.7333333333333334,1.3428571428571427,1.0
1404.0,374.0,161.0,91.0,123.0,86.0,18386.0,1600.0,206.0,415.0,1779.0,1309.0,4354.0,4326.0,607.0,4534.0,4908.0,9206.0,6075.0,4302.0,1480.0,4535.0,0.7166666666666667,0.6333333333333333,0.6666666666666666,0.4666666666666666,0.43333333333333335,0.6333333333333333,0.7000000000000001,0.7333333333333334,0.6666666666666666,0.5833333333333334,0.7166666666666668,0.7166666666666667,0.6000000000000001,0.65,0.6833333333333332,0.6666666666666666,0.5,0.65,0.5833333333333334,0.7333333333333334,0.16666666666666666,0.5333333333333333,0.18333333333333335,0.6833333333333332,0.5499999999999999,0.43333333333333335,0.5666666666666667,0.4166666666666667,0.7333333333333334,0.5666666666666668,0.75,0.7000000000000001,0.4666666666666666,0.5833333333333334,0.7000000000000001,0.25,0.18333333333333332,0.4666666666666666,0.8250000000000001,0.8843333333333333,0.10799999999999998,0.118,0.65,0.7333333333333334,1.2285714285714286,1.0
1420.0,450.0,146.0,124.0,180.0,132.0,21529.0,1873.0,240.0,1051.0,2042.0,1496.0,3411.0,3383.0,1280.0,3303.0,4207.0,9498.0,4782.0,2927.0,1231.0,2010.0,0.7166666666666667,0.6333333333333333,0.6666666666666666,0.4666666666666666,0.43333333333333335,0.6333333333333333,0.7000000000000001,0.7333333333333334,0.6666666666666666,0.5833333333333334,0.7166666666666667,0.7166666666666667,0.6,0.65,0.6833333333333332,0.6666666666666666,0.5,0.65,0.5833333333333334,0.7333333333333333,0.16666666666666666,0.5333333333333333,0.18333333333333335,0.6833333333333332,0.55,0.43333333333333335,0.5666666666666668,0.4166666666666667,0.7333333333333334,0.5666666666666668,0.75,0.7000000000000001,0.46666666666666673,0.5833333333333334,0.7000000000000001,0.25,0.18333333333333332,0.46666666666666673,0.8250000000000001,0.8843333333333333,0.108,0.118,0.65,0.7333333333333334,1.457142857142857,1.0
1751.0,363.0,138.0,107.0,119.0,107.0,11200.0,908.0,127.0,225.0,1018.0,884.0,2299.0,2287.0,328.0,2410.0,2591.0,5497.0,3467.0,2262.0,857.0,1870.0,0.7666666666666666,0.65,0.7666666666666666,0.4166666666666667,0.4833333333333334,0.6666666666666666,0.5833333333333334,0.7000000000000001,0.5499999999999999,0.3833333333333333,0.7833333333333332,0.5833333333333334,0.6166666666666667,0.45,0.6333333333333333,0.7166666666666667,0.6166666666666667,0.7333333333333334,0.6833333333333332,0.75,0.08333333333333333,0.6333333333333334,0.08333333333333333,0.7000000000000001,0.5666666666666667,0.45,0.4666666666666666,0.3333333333333333,0.6166666666666666,0.6,0.7833333333333333,0.6333333333333334,0.3833333333333333,0.5,0.75,0.3833333333333333,0.09999999999999999,0.4166666666666667,0.7999999999999999,0.868,0.018666666666666668,0.13533333333333333,0.6733333333333333,0.7333333333333334,1.3142857142857143,1.0
1870.0,31.0,12.0,9.0,10.0,9.0,2790.0,250.0,31.0,236.0,552.0,186.0,414.0,413.0,297.0,769.0,959.0,1250.0,662.0,662.0,365.0,201.0,0.7166666666666667,0.6666666666666666,0.65,0.5666666666666667,0.5,0.75,0.65,0.7333333333333334,0.5,0.6333333333333333,0.7333333333333334,0.5666666666666667,0.65,0.5666666666666667,0.5666666666666668,0.5666666666666665,0.4833333333333334,0.5666666666666668,0.55,0.7333333333333334,0.18333333333333335,0.6,0.35000000000000003,0.7000000000000001,0.5833333333333334,0.38333333333333336,0.5166666666666667,0.4333333333333333,0.7000000000000001,0.5833333333333334,0.8000000000000002,0.6,0.4166666666666667,0.5333333333333333,0.6,0.2333333333333333,0.15000000000000002,0.48333333333333334,0.7416666666666667,0.8846666666666666,0.03766666666666667,0.06233333333333333,0.63,0.6866666666666666,1.1142857142857143,1.0
1947.0,45.0,17.0,15.0,13.0,11.0,2600.0,224.0,29.0,140.0,229.0,192.0,518.0,514.0,188.0,462.0,575.0,1280.0,606.0,387.0,130.0,247.0,0.7166666666666667,0.6666666666666666,0.65,0.5666666666666667,0.5,0.75,0.65,0.7333333333333334,0.5,0.6333333333333333,0.7333333333333334,0.5666666666666667,0.65,0.5666666666666667,0.5666666666666668,0.5666666666666665,0.4833333333333334,0.5666666666666668,0.55,0.7333333333333334,0.18333333333333335,0.6,0.35000000000000003,0.7000000000000001,0.5833333333333334,0.38333333333333336,0.5166666666666667,0.4333333333333333,0.7000000000000001,0.5833333333333334,0.8000000000000002,0.6,0.4166666666666667,0.5333333333333333,0.6,0.2333333333333333,0.15000000000000002,0.48333333333333334,0.7416666666666667,0.8846666666666666,0.03766666666666667,0.06233333333333333,0.63,0.6866666666666666,1.1428571428571428,1.0
2011.0,118.0,55.0,34.0,29.0,23.0,10564.0,1049.0,117.0,261.0,1078.0,866.0,2172.0,2163.0,408.0,2496.0,2700.0,5078.0,3064.0,2292.0,912.0,1603.0,0.7666666666666666,0.65,0.7666666666666666,0.4166666666666667,0.4833333333333334,0.6666666666666666,0.5833333333333334,0.7000000000000001,0.5499999999999999,0.3833333333333333,0.7833333333333332,0.5833333333333334,0.6166666666666667,0.45,0.6333333333333333,0.7166666666666667,0.6166666666666667,0.7333333333333334,0.6833333333333332,0.75,0.08333333333333333,0.6333333333333334,0.08333333333333333,0.7000000000000001,0.5666666666666667,0.45,0.4666666666666666,0.3333333333333333,0.6166666666666666,0.6,0.7833333333333333,0.6333333333333334,0.3833333333333333,0.5,0.75,0.3833333333333333,0.09999999999999999,0.4166666666666667,0.7999999999999999,0.868,0.018666666666666668,0.13533333333333333,0.6733333333333333,0.7333333333333334,1.1428571428571428,1.0
2214.0,52.0,28.0,9.0,15.0,8.0,4569.0,428.0,51.0,311.0,715.0,268.0,817.0,813.0,428.0,1241.0,1462.0,2048.0,1119.0,1034.0,508.0,418.0,0.7333333333333334,0.7166666666666667,0.6,0.46666666666666673,0.5,0.7833333333333333,0.6666666666666666,0.7166666666666667,0.5,0.6,0.7833333333333333,0.5833333333333334,0.6333333333333333,0.39999999999999997,0.5166666666666666,0.6,0.5166666666666667,0.5333333333333333,0.5166666666666666,0.7000000000000001,0.18333333333333335,0.5666666666666667,0.4833333333333334,0.6666666666666666,0.5333333333333333,0.4833333333333334,0.45,0.48333333333333334,0.7166666666666667,0.6666666666666666,0.7666666666666666,0.5666666666666668,0.4166666666666667,0.5499999999999999,0.6666666666666666,0.2333333333333333,0.11666666666666665,0.5,0.7916666666666666,0.9176666666666667,0.04466666666666667,0.08633333333333333,0.65,0.6900000000000001,1.0285714285714285,1.0
2216.0,34.0,15.0,7.0,12.0,7.0,3060.0,279.0,34.0,176.0,447.0,164.0,479.0,478.0,226.0,776.0,900.0,1205.0,692.0,674.0,324.0,279.0,0.7,0.7,0.65,0.55,0.55,0.75,0.65,0.7,0.55,0.5,0.8,0.55,0.55,0.5,0.5,0.6,0.65,0.45,0.5,0.75,0.25,0.7,0.55,0.7,0.5,0.45,0.45,0.45,0.75,0.75,0.75,0.6,0.45,0.65,0.75,0.25,0.2,0.55,0.675,0.97,0.017,0.083,0.65,0.69,1.0,1.0
2250.0,146.0,66.0,35.0,45.0,30.0,12486.0,1153.0,139.0,532.0,1205.0,899.0,2332.0,2317.0,683.0,2301.0,2732.0,5711.0,3233.0,2049.0,832.0,1906.0,0.7666666666666666,0.65,0.7666666666666666,0.4166666666666667,0.4833333333333334,0.6666666666666666,0.5833333333333334,0.7000000000000001,0.5499999999999999,0.3833333333333333,0.7833333333333332,0.5833333333333334,0.6166666666666667,0.45,0.6333333333333333,0.7166666666666667,0.6166666666666667,0.7333333333333334,0.6833333333333332,0.75,0.08333333333333333,0.6333333333333334,0.08333333333333333,0.7000000000000001,0.5666666666666667,0.45,0.4666666666666666,0.3333333333333333,0.6166666666666666,0.6,0.7833333333333333,0.6333333333333334,0.3833333333333333,0.5,0.75,0.3833333333333333,0.09999999999999999,0.4166666666666667,0.7999999999999999,0.868,0.018666666666666668,0.13533333333333333,0.6733333333333333,0.7333333333333334,1.0571428571428572,1.0
2309.0,34.0,16.0,10.0,8.0,3.0,2835.0,286.0,31.0,104.0,280.0,219.0,577.0,575.0,133.0,577.0,678.0,1401.0,790.0,545.0,194.0,381.0,0.7166666666666667,0.6666666666666666,0.65,0.5666666666666667,0.5,0.75,0.65,0.7333333333333334,0.5,0.6333333333333333,0.7333333333333334,0.5666666666666667,0.65,0.5666666666666667,0.5666666666666668,0.5666666666666665,0.4833333333333334,0.5666666666666668,0.55,0.7333333333333334,0.18333333333333335,0.6,0.35000000000000003,0.7000000000000001,0.5833333333333334,0.38333333333333336,0.5166666666666667,0.4333333333333333,0.7000000000000001,0.5833333333333334,0.8000000000000002,0.6,0.4166666666666667,0.5333333333333333,0.6,0.2333333333333333,0.15000000000000002,0.48333333333333334,0.7416666666666667,0.8846666666666666,0.03766666666666667,0.06233333333333333,0.63,0.6866666666666666,1.0571428571428572,1.0
2507.0,19.0,12.0,4.0,3.0,1.0,1610.0,136.0,18.0,52.0,140.0,112.0,352.0,352.0,56.0,341.0,385.0,756.0,475.0,329.0,97.0,307.0,0.6833333333333332,0.6499999999999999,0.6333333333333333,0.4666666666666666,0.43333333333333335,0.6833333333333332,0.5833333333333334,0.7166666666666668,0.4833333333333334,0.4833333333333334,0.7333333333333334,0.55,0.6833333333333332,0.5666666666666667,0.5166666666666666,0.5166666666666666,0.5333333333333333,0.5333333333333333,0.5,0.7166666666666667,0.16666666666666666,0.6,0.23333333333333336,0.6499999999999999,0.5499999999999999,0.39999999999999997,0.5666666666666667,0.4833333333333334,0.6666666666666666,0.5833333333333334,0.7833333333333333,0.5666666666666668,0.4833333333333334,0.5833333333333334,0.6,0.3,0.16666666666666666,0.5333333333333333,0.75,0.8646666666666666,0.005666666666666667,0.042,0.5866666666666668,0.6699999999999999,1.0857142857142856,1.0
2508.0,284.0,95.0,67.0,122.0,82.0,25504.0,2232.0,283.0,3273.0,4698.0,1362.0,3762.0,3751.0,3890.0,5928.0,8318.0,10876.0,4503.0,4428.0,2375.0,1916.0,0.6999999999999998,0.7166666666666667,0.7166666666666667,0.5166666666666666,0.45,0.7166666666666667,0.6833333333333332,0.7333333333333334,0.6000000000000001,0.5166666666666667,0.7666666666666666,0.7166666666666667,0.6166666666666667,0.6166666666666667,0.6833333333333332,0.6666666666666666,0.6166666666666667,0.75,0.6,0.7666666666666666,0.2333333333333333,0.5499999999999999,0.15000000000000002,0.7333333333333334,0.6,0.5,0.6166666666666667,0.4000000000000001,0.7666666666666666,0.5666666666666668,0.7333333333333334,0.7333333333333334,0.4166666666666667,0.5833333333333334,0.6666666666666666,0.2833333333333333,0.16666666666666666,0.48333333333333334,0.7749999999999999,0.8613333333333334,0.10933333333333332,0.1456666666666667,0.6966666666666667,0.7600000000000001,1.0285714285714285,1.0
2516.0,399.0,102.0,124.0,173.0,132.0,31748.0,2443.0,354.0,1890.0,3339.0,2233.0,4972.0,4942.0,2275.0,5082.0,6752.0,14361.0,6815.0,4477.0,1780.0,3111.0,0.6666666666666666,0.5499999999999999,0.6166666666666667,0.4166666666666667,0.4833333333333334,0.7833333333333333,0.6166666666666666,0.7333333333333334,0.45,0.5833333333333334,0.8666666666666667,0.5,0.55,0.5,0.7333333333333334,0.6666666666666666,0.5333333333333333,0.75,0.65,0.7666666666666666,0.26666666666666666,0.6,0.3333333333333333,0.7666666666666666,0.6333333333333333,0.39999999999999997,0.65,0.55,0.7833333333333333,0.5833333333333334,0.7166666666666667,0.75,0.5166666666666667,0.6,0.65,0.43333333333333335,0.08333333333333333,0.4166666666666667,0.725,0.7953333333333333,0.17966666666666667,0.30333333333333334,0.7233333333333333,0.8366666666666668,1.2285714285714286,1.0
2537.0,256.0,106.0,68.0,82.0,63.0,22722.0,1940.0,251.0,1357.0,3010.0,1612.0,3243.0,3225.0,1704.0,4526.0,5609.0,10047.0,5141.0,3905.0,1976.0,2091.0,0.75,0.75,0.75,0.6,0.4,0.7,0.65,0.65,0.65,0.4,0.7,0.75,0.55,0.55,0.7,0.65,0.55,0.65,0.6,0.85,0.35,0.55,0.1,0.75,0.6,0.25,0.65,0.35,0.75,0.5,0.75,0.8,0.45,0.6,0.7,0.05,0.35,0.4,0.95,1.0,0.023,0.083,0.66,0.75,1.0,1.0
2569.0,184.0,97.0,40.0,47.0,37.0,16460.0,1581.0,182.0,693.0,2182.0,1083.0,3269.0,3248.0,895.0,4397.0,4953.0,7831.0,4716.0,4058.0,1659.0,2684.0,0.7,0.4,0.55,0.2,0.35,0.5,0.65,0.75,0.75,0.8,0.65,0.7,0.65,0.6,0.65,0.6,0.45,0.6,0.55,0.65,0.05,0.35,0.3,0.6,0.55,0.3,0.5,0.5,0.65,0.6,0.8,0.55,0.55,0.5,0.75,0.35,0.1,0.3,0.875,0.891,0.01,0.042,0.56,0.69,1.0,1.0
2651.0,443.0,76.0,87.0,280.0,202.0,33324.0,2286.0,373.0,3064.0,4528.0,1909.0,4453.0,4425.0,3500.0,5406.0,7872.0,14418.0,5865.0,4372.0,2154.0,2914.0,0.6666666666666666,0.5499999999999999,0.6166666666666667,0.4166666666666667,0.4833333333333334,0.7833333333333333,0.6166666666666666,0.7333333333333334,0.45,0.5833333333333334,0.8666666666666667,0.5,0.55,0.5,0.7333333333333334,0.6666666666666666,0.5333333333333333,0.75,0.65,0.7666666666666666,0.26666666666666666,0.6,0.3333333333333333,0.7666666666666666,0.6333333333333333,0.39999999999999997,0.65,0.55,0.7833333333333333,0.5833333333333334,0.7166666666666667,0.75,0.5166666666666667,0.6,0.65,0.43333333333333335,0.08333333333333333,0.4166666666666667,0.725,0.7953333333333333,0.17966666666666667,0.30333333333333334,0.7233333333333333,0.8366666666666668,1.1428571428571428,1.0
2664.0,93.0,46.0,20.0,27.0,20.0,7795.0,669.0,87.0,323.0,841.0,515.0,1364.0,1364.0,458.0,1751.0,1987.0,3031.0,1844.0,1529.0,627.0,510.0,0.7333333333333334,0.6833333333333332,0.5833333333333334,0.45,0.4166666666666667,0.7333333333333334,0.5833333333333334,0.7166666666666667,0.5499999999999999,0.3833333333333333,0.8333333333333334,0.6,0.5666666666666667,0.39999999999999997,0.6333333333333333,0.6666666666666666,0.6,0.7166666666666667,0.5499999999999999,0.6166666666666667,0.20000000000000004,0.6833333333333332,0.25,0.6666666666666666,0.7000000000000001,0.3833333333333333,0.5166666666666667,0.4833333333333334,0.7166666666666668,0.5833333333333334,0.7833333333333332,0.6333333333333333,0.5,0.6,0.6333333333333333,0.2333333333333333,0.16666666666666666,0.4833333333333334,0.7833333333333333,0.8386666666666667,0.09000000000000001,0.142,0.6833333333333335,0.7799999999999999,1.2285714285714286,1.0
2758.0,266.0,131.0,65.0,71.0,53.0,20417.0,2000.0,227.0,804.0,2088.0,1687.0,4006.0,3988.0,1152.0,4231.0,4918.0,10119.0,5492.0,3766.0,1514.0,2807.0,0.7166666666666667,0.6333333333333333,0.6666666666666666,0.4666666666666666,0.43333333333333335,0.6333333333333333,0.7000000000000001,0.7333333333333334,0.6666666666666666,0.5833333333333334,0.7166666666666667,0.7166666666666667,0.6,0.65,0.6833333333333332,0.6666666666666666,0.5,0.65,0.5833333333333334,0.7333333333333333,0.16666666666666666,0.5333333333333333,0.18333333333333335,0.6833333333333332,0.55,0.43333333333333335,0.5666666666666668,0.4166666666666667,0.7333333333333334,0.5666666666666668,0.75,0.7000000000000001,0.46666666666666673,0.5833333333333334,0.7000000000000001,0.25,0.18333333333333332,0.46666666666666673,0.8250000000000001,0.8843333333333333,0.108,0.118,0.65,0.7333333333333334,1.2,1.0
2761.0,1.0,2.0,1.0,2.3333333333333335,1.3333333333333333,90.0,9.0,1.0,14.0,21.0,9.0,15.0,15.0,16.0,21.0,32.0,64.0,23.0,16.0,10.0,5.0,0.6666666666666666,0.6166666666666667,0.6166666666666667,0.4333333333333333,0.26666666666666666,0.65,0.5666666666666667,0.6833333333333332,0.4833333333333334,0.3833333333333333,0.7000000000000001,0.55,0.6833333333333332,0.48333333333333334,0.5499999999999999,0.5333333333333333,0.5166666666666666,0.5833333333333334,0.5333333333333333,0.6666666666666666,0.10000000000000002,0.5,0.19999999999999998,0.6499999999999999,0.5666666666666668,0.45,0.6,0.4833333333333334,0.6333333333333333,0.5499999999999999,0.7833333333333333,0.5833333333333334,0.4833333333333334,0.55,0.5666666666666668,0.3,0.11666666666666665,0.44999999999999996,0.75,0.8053333333333333,0.0029999999999999996,0.028333333333333335,0.57,0.6666666666666666,1.0,1.0
2834.0,82.0,31.0,26.0,25.0,24.0,7337.0,652.0,81.0,660.0,1102.0,568.0,1255.0,1252.0,782.0,1569.0,2107.0,3506.0,1653.0,1325.0,583.0,553.0,0.7666666666666666,0.6999999999999998,0.5166666666666666,0.4833333333333334,0.43333333333333335,0.7666666666666666,0.6666666666666666,0.75,0.5166666666666667,0.4833333333333334,0.8166666666666668,0.6166666666666667,0.6166666666666666,0.3666666666666667,0.5666666666666667,0.6,0.5833333333333333,0.6,0.48333333333333334,0.6,0.21666666666666667,0.5499999999999999,0.3833333333333333,0.6166666666666667,0.5666666666666667,0.39999999999999997,0.5333333333333333,0.5333333333333333,0.75,0.6666666666666666,0.7833333333333332,0.5833333333333334,0.4666666666666666,0.6,0.65,0.19999999999999998,0.15,0.5166666666666667,0.8583333333333334,0.875,0.09500000000000001,0.12433333333333334,0.6633333333333334,0.7566666666666667,0.9714285714285714,1.0
2871.0,111.0,49.0,33.0,29.0,23.0,9990.0,926.0,111.0,502.0,830.0,675.0,1322.0,1313.0,653.0,1221.0,1640.0,3990.0,1674.0,987.0,463.0,659.0,0.7333333333333334,0.6833333333333332,0.5833333333333334,0.45,0.4166666666666667,0.7333333333333334,0.5833333333333334,0.7166666666666668,0.5499999999999999,0.3833333333333333,0.8333333333333334,0.6,0.5666666666666668,0.39999999999999997,0.6333333333333333,0.6666666666666666,0.6,0.7166666666666667,0.5499999999999999,0.6166666666666667,0.19999999999999998,0.6833333333333332,0.25,0.6666666666666666,0.7000000000000001,0.3833333333333333,0.5166666666666666,0.48333333333333334,0.7166666666666668,0.5833333333333334,0.7833333333333333,0.6333333333333333,0.5,0.6,0.6333333333333333,0.23333333333333336,0.16666666666666666,0.4833333333333334,0.7833333333333333,0.8386666666666667,0.09000000000000001,0.142,0.6833333333333335,0.7799999999999999,1.1428571428571428,1.0
2896.0,123.0,57.0,33.0,33.0,25.0,10828.0,1082.0,120.0,576.0,1174.0,701.0,1971.0,1959.0,712.0,2149.0,2623.0,4943.0,2643.0,1911.0,741.0,1290.0,0.7666666666666666,0.65,0.7666666666666666,0.4166666666666667,0.4833333333333334,0.6666666666666666,0.5833333333333334,0.7000000000000001,0.5499999999999999,0.3833333333333333,0.7833333333333332,0.5833333333333334,0.6166666666666667,0.45,0.6333333333333333,0.7166666666666667,0.6166666666666667,0.7333333333333334,0.6833333333333332,0.75,0.08333333333333333,0.6333333333333334,0.08333333333333333,0.7000000000000001,0.5666666666666667,0.45,0.4666666666666666,0.3333333333333333,0.6166666666666666,0.6,0.7833333333333333,0.6333333333333334,0.3833333333333333,0.5,0.75,0.3833333333333333,0.09999999999999999,0.4166666666666667,0.7999999999999999,0.868,0.018666666666666668,0.13533333333333333,0.6733333333333333,0.7333333333333334,1.0285714285714285,1.0
2911.0,297.0,71.0,76.0,150.0,136.0,23753.0,1350.0,264.0,2629.0,3625.0,1351.0,3157.0,3127.0,2927.0,3833.0,5878.0,11114.0,4174.0,2951.0,1688.0,2047.0,0.7000000000000001,0.7166666666666667,0.7166666666666667,0.5166666666666666,0.45,0.7166666666666667,0.6833333333333335,0.7333333333333334,0.6,0.5166666666666667,0.7666666666666666,0.7166666666666667,0.6166666666666666,0.6166666666666667,0.6833333333333332,0.6666666666666666,0.6166666666666667,0.75,0.6,0.7666666666666666,0.2333333333333333,0.5499999999999999,0.15,0.7333333333333334,0.6,0.5,0.6166666666666667,0.39999999999999997,0.7666666666666666,0.5666666666666668,0.7333333333333334,0.7333333333333334,0.4166666666666667,0.5833333333333334,0.6666666666666666,0.2833333333333333,0.16666666666666666,0.4833333333333334,0.775,0.8613333333333334,0.10933333333333334,0.14566666666666667,0.6966666666666667,0.7600000000000001,1.1428571428571428,1.0
2912.0,5.0,3.0,1.0,2.0,2.0,435.0,48.0,4.0,12.0,45.0,17.0,68.0,68.0,20.0,105.0,111.0,143.0,91.0,91.0,40.0,20.0,0.6666666666666666,0.6166666666666667,0.6166666666666667,0.4333333333333333,0.26666666666666666,0.65,0.5666666666666667,0.6833333333333332,0.4833333333333334,0.3833333333333333,0.7000000000000001,0.55,0.6833333333333332,0.48333333333333334,0.5499999999999999,0.5333333333333333,0.5166666666666666,0.5833333333333334,0.5333333333333333,0.6666666666666666,0.10000000000000002,0.5,0.19999999999999998,0.6499999999999999,0.5666666666666668,0.45,0.6,0.4833333333333334,0.6333333333333333,0.5499999999999999,0.7833333333333333,0.5833333333333334,0.4833333333333334,0.55,0.5666666666666668,0.3,0.11666666666666665,0.44999999999999996,0.75,0.8053333333333333,0.0029999999999999996,0.028333333333333335,0.57,0.6666666666666666,1.0285714285714285,1.0
2932.0,390.0,176.0,108.0,106.0,92.0,34959.0,3266.0,390.0,1689.0,4311.0,2314.0,6970.0,6951.0,2141.0,8806.0,10119.0,15746.0,9476.0,7980.0,3074.0,4771.0,0.6666666666666666,0.5499999999999999,0.6166666666666667,0.4166666666666667,0.4833333333333334,0.7833333333333333,0.6166666666666666,0.7333333333333334,0.45,0.5833333333333334,0.8666666666666667,0.5,0.55,0.5,0.7333333333333334,0.6666666666666666,0.5333333333333333,0.75,0.65,0.7666666666666666,0.26666666666666666,0.6,0.3333333333333333,0.7666666666666666,0.6333333333333333,0.39999999999999997,0.65,0.55,0.7833333333333333,0.5833333333333334,0.7166666666666667,0.75,0.5166666666666667,0.6,0.65,0.43333333333333335,0.08333333333333333,0.4166666666666667,0.725,0.7953333333333333,0.17966666666666667,0.30333333333333334,0.7233333333333333,0.8366666666666668,1.1142857142857143,1.0
2933.0,116.0,55.0,27.0,34.0,28.0,10381.0,1119.0,116.0,569.0,1493.0,813.0,1843.0,1843.0,710.0,2856.0,3290.0,4412.0,2579.0,2580.0,1067.0,1075.0,0.7,0.75,0.8,0.3,0.4,0.65,0.5,0.65,0.6,0.25,0.8,0.55,0.55,0.35,0.65,0.7,0.5,0.85,0.65,0.65,0.05,0.9,0.1,0.7,0.9,0.55,0.3,0.35,0.55,0.5,0.7,0.65,0.5,0.5,0.65,0.45,0.1,0.4,0.675,0.832,0.006,0.135,0.68,0.75,1.0285714285714285,1.0
2971.0,53.0,35.0,11.0,7.0,6.0,1741.0,171.0,18.0,155.0,261.0,99.0,232.0,229.0,202.0,335.0,454.0,736.0,305.0,252.0,151.0,80.0,0.6833333333333332,0.65,0.6333333333333333,0.4666666666666666,0.43333333333333335,0.6833333333333332,0.5833333333333334,0.7166666666666667,0.4833333333333334,0.48333333333333334,0.7333333333333334,0.55,0.6833333333333332,0.5666666666666667,0.5166666666666667,0.5166666666666667,0.5333333333333333,0.5333333333333333,0.5,0.7166666666666667,0.16666666666666666,0.6,0.23333333333333336,0.65,0.5499999999999999,0.39999999999999997,0.5666666666666667,0.4833333333333334,0.6666666666666666,0.5833333333333334,0.7833333333333333,0.5666666666666667,0.4833333333333334,0.5833333333333334,0.6,0.3,0.16666666666666666,0.5333333333333333,0.75,0.8646666666666666,0.005666666666666667,0.042,0.5866666666666667,0.6699999999999999,1.3142857142857143,1.0
3143.0,340.0,97.0,74.0,169.0,127.0,30489.0,2329.0,340.0,1764.0,3156.0,1901.0,4906.0,4875.0,2240.0,5308.0,6743.0,12707.0,6214.0,4503.0,1805.0,2886.0,0.6666666666666666,0.5499999999999999,0.6166666666666667,0.4166666666666667,0.4833333333333334,0.7833333333333333,0.6166666666666666,0.7333333333333334,0.45,0.5833333333333334,0.8666666666666667,0.5,0.55,0.5,0.7333333333333334,0.6666666666666666,0.5333333333333333,0.75,0.65,0.7666666666666666,0.26666666666666666,0.6,0.3333333333333333,0.7666666666666666,0.6333333333333333,0.39999999999999997,0.65,0.55,0.7833333333333333,0.5833333333333334,0.7166666666666667,0.75,0.5166666666666667,0.6,0.65,0.43333333333333335,0.08333333333333333,0.4166666666666667,0.725,0.7953333333333333,0.17966666666666667,0.30333333333333334,0.7233333333333333,0.8366666666666668,1.0,1.0
3169.0,222.0,114.0,44.0,64.0,51.0,19912.0,1938.0,221.0,2139.0,3351.0,1178.0,3509.0,3493.0,2650.0,4444.0,6227.0,9976.0,4512.0,3577.0,1690.0,1915.0,0.7166666666666667,0.6333333333333333,0.6666666666666666,0.4666666666666666,0.43333333333333335,0.6333333333333333,0.7000000000000001,0.7333333333333334,0.6666666666666666,0.5833333333333334,0.7166666666666667,0.7166666666666667,0.6,0.65,0.6833333333333332,0.6666666666666666,0.5,0.65,0.5833333333333334,0.7333333333333333,0.16666666666666666,0.5333333333333333,0.18333333333333335,0.6833333333333332,0.55,0.43333333333333335,0.5666666666666668,0.4166666666666667,0.7333333333333334,0.5666666666666668,0.75,0.7000000000000001,0.46666666666666673,0.5833333333333334,0.7000000000000001,0.25,0.18333333333333332,0.46666666666666673,0.8250000000000001,0.8843333333333333,0.108,0.118,0.65,0.7333333333333334,0.9714285714285714,1.0
3170.0,135.0,50.0,31.0,54.0,42.0,12074.0,951.0,135.0,952.0,1695.0,620.0,1637.0,1633.0,1169.0,2529.0,3300.0,4340.0,2135.0,2131.0,933.0,652.0,0.95,0.55,0.7,0.2,0.4,0.7,0.65,0.8,0.45,0.15,0.85,0.6,0.65,0.35,0.6,0.75,0.8,0.75,0.75,0.85,0.1,0.45,0.05,0.75,0.3,0.45,0.6,0.1,0.6,0.65,1.0,0.55,0.1,0.45,0.95,0.35,0.15,0.35,1.0,0.98,0.042,0.146,0.68,0.75,0.9714285714285714,1.0
3182.0,31.0,18.0,7.0,6.0,4.0,2677.0,297.0,29.0,100.0,282.0,165.0,464.0,464.0,129.0,515.0,595.0,1164.0,687.0,466.0,211.0,284.0,0.7166666666666667,0.6666666666666666,0.65,0.5666666666666667,0.5,0.75,0.65,0.7333333333333334,0.5,0.6333333333333333,0.7333333333333334,0.5666666666666667,0.65,0.5666666666666667,0.5666666666666668,0.5666666666666665,0.4833333333333334,0.5666666666666668,0.55,0.7333333333333334,0.18333333333333335,0.6,0.35000000000000003,0.7000000000000001,0.5833333333333334,0.38333333333333336,0.5166666666666667,0.4333333333333333,0.7000000000000001,0.5833333333333334,0.8000000000000002,0.6,0.4166666666666667,0.5333333333333333,0.6,0.2333333333333333,0.15000000000000002,0.48333333333333334,0.7416666666666667,0.8846666666666666,0.03766666666666667,0.06233333333333333,0.63,0.6866666666666666,1.0571428571428572,1.0
3183.0,19.0,13.0,3.0,3.0,4.0,1547.0,178.0,18.0,96.0,224.0,86.0,316.0,316.0,131.0,479.0,533.0,679.0,402.0,402.0,170.0,158.0,0.6833333333333332,0.65,0.6333333333333333,0.4666666666666666,0.43333333333333335,0.6833333333333332,0.5833333333333334,0.7166666666666667,0.4833333333333334,0.48333333333333334,0.7333333333333334,0.55,0.6833333333333332,0.5666666666666667,0.5166666666666667,0.5166666666666667,0.5333333333333333,0.5333333333333333,0.5,0.7166666666666667,0.16666666666666666,0.6,0.23333333333333336,0.65,0.5499999999999999,0.39999999999999997,0.5666666666666667,0.4833333333333334,0.6666666666666666,0.5833333333333334,0.7833333333333333,0.5666666666666667,0.4833333333333334,0.5833333333333334,0.6,0.3,0.16666666666666666,0.5333333333333333,0.75,0.8646666666666666,0.005666666666666667,0.042,0.5866666666666667,0.6699999999999999,1.0,1.0
3309.0,332.0,135.0,69.0,128.0,84.0,29522.0,2693.0,331.0,2886.0,4596.0,1734.0,3959.0,3954.0,3472.0,6136.0,8321.0,12316.0,5070.0,4849.0,2449.0,1344.0,0.65,0.65,0.7,0.35,0.4,0.75,0.6,0.75,0.55,0.6,0.8,0.7,0.7,0.5,0.65,0.6,0.8,0.9,0.6,0.75,0.25,0.4,0.2,0.75,0.7,0.5,0.65,0.45,0.75,0.6,0.75,0.65,0.4,0.5,0.65,0.45,0.05,0.35,0.725,0.822,0.014,0.125,0.7,0.77,1.0571428571428572,1.0
3348.0,26.0,12.0,8.0,6.0,1.0,2301.0,278.0,25.0,53.0,249.0,146.0,489.0,489.0,84.0,543.0,584.0,1245.0,768.0,500.0,213.0,434.0,0.7166666666666667,0.6666666666666666,0.65,0.5666666666666667,0.5,0.75,0.65,0.7333333333333334,0.5,0.6333333333333333,0.7333333333333334,0.5666666666666668,0.65,0.5666666666666667,0.5666666666666668,0.5666666666666667,0.48333333333333334,0.5666666666666668,0.5499999999999999,0.7333333333333334,0.18333333333333335,0.6,0.35000000000000003,0.7000000000000001,0.5833333333333334,0.3833333333333333,0.5166666666666667,0.43333333333333335,0.7000000000000001,0.5833333333333334,0.7999999999999999,0.6,0.4166666666666667,0.5333333333333333,0.6,0.2333333333333333,0.15,0.48333333333333334,0.7416666666666667,0.8846666666666666,0.03766666666666667,0.06233333333333333,0.63,0.6866666666666665,1.0,1.0
3457.0,1.0,1.0,1.3333333333333333,2.0,1.3333333333333333,90.0,7.0,1.0,31.0,32.0,2.0,4.0,4.0,31.0,7.0,36.0,44.0,5.0,5.0,3.0,3.0,0.6,0.6,0.5,0.15,0.3,0.65,0.4,0.65,0.4,0.3,0.8,0.55,0.75,0.45,0.45,0.55,0.6,0.55,0.45,0.7,0.15,0.5,0.05,0.6,0.5,0.45,0.7,0.65,0.65,0.5,0.8,0.5,0.6,0.65,0.55,0.3,0.15,0.6,0.825,0.782,0.0,0.033,0.55,0.65,0.9142857142857143,1.0
3505.0,5.0,2.0,1.0,2.0,1.0,450.0,50.0,5.0,25.0,54.0,29.0,81.0,81.0,30.0,117.0,135.0,172.0,105.0,105.0,36.0,29.0,0.6666666666666666,0.6166666666666667,0.6166666666666667,0.4333333333333333,0.26666666666666666,0.65,0.5666666666666667,0.6833333333333332,0.4833333333333334,0.3833333333333333,0.7000000000000001,0.55,0.6833333333333332,0.48333333333333334,0.5499999999999999,0.5333333333333333,0.5166666666666666,0.5833333333333334,0.5333333333333333,0.6666666666666666,0.10000000000000002,0.5,0.19999999999999998,0.6499999999999999,0.5666666666666668,0.45,0.6,0.4833333333333334,0.6333333333333333,0.5499999999999999,0.7833333333333333,0.5833333333333334,0.4833333333333334,0.55,0.5666666666666668,0.3,0.11666666666666665,0.44999999999999996,0.75,0.8053333333333333,0.0029999999999999996,0.028333333333333335,0.57,0.6666666666666666,0.9428571428571428,1.0
3543.0,132.0,29.0,32.0,71.0,48.0,11849.0,799.0,132.0,1133.0,1559.0,645.0,1332.0,1322.0,1278.0,1485.0,2458.0,4954.0,1819.0,1180.0,636.0,660.0,0.7666666666666666,0.6166666666666667,0.6833333333333332,0.39999999999999997,0.5166666666666667,0.6833333333333332,0.65,0.7333333333333334,0.5333333333333333,0.6,0.75,0.5833333333333334,0.6166666666666667,0.45,0.6333333333333333,0.6833333333333332,0.6166666666666667,0.6166666666666667,0.6666666666666666,0.7833333333333333,0.11666666666666665,0.45,0.06666666666666667,0.7166666666666667,0.4666666666666666,0.4166666666666667,0.5499999999999999,0.3666666666666667,0.6666666666666666,0.6333333333333333,0.8333333333333334,0.6333333333333334,0.3666666666666667,0.55,0.7833333333333333,0.3499999999999999,0.11666666666666665,0.5166666666666666,0.85,0.8513333333333334,0.026333333333333337,0.125,0.6566666666666667,0.7166666666666667,0.9142857142857143,1.0
3558.0,154.0,85.0,36.0,33.0,29.0,13757.0,1286.0,152.0,848.0,1910.0,897.0,2367.0,2363.0,1077.0,3164.0,3817.0,6442.0,3465.0,2740.0,1305.0,1175.0,0.7666666666666666,0.6166666666666667,0.6833333333333332,0.39999999999999997,0.5166666666666666,0.6833333333333332,0.6499999999999999,0.7333333333333334,0.5333333333333333,0.6,0.75,0.5833333333333334,0.6166666666666667,0.45,0.6333333333333333,0.6833333333333332,0.6166666666666667,0.6166666666666667,0.6666666666666666,0.7833333333333333,0.11666666666666665,0.45,0.06666666666666667,0.7166666666666667,0.46666666666666673,0.4166666666666667,0.5499999999999999,0.3666666666666667,0.6666666666666666,0.6333333333333333,0.8333333333333334,0.6333333333333334,0.3666666666666667,0.55,0.7833333333333332,0.3499999999999999,0.11666666666666665,0.5166666666666666,0.85,0.8513333333333334,0.026333333333333337,0.125,0.6566666666666667,0.7166666666666667,1.0857142857142856,1.0
3567.0,39.0,16.0,13.0,10.0,8.0,3249.0,302.0,37.0,68.0,277.0,231.0,711.0,704.0,129.0,753.0,806.0,1535.0,949.0,677.0,238.0,439.0,0.7166666666666667,0.6666666666666666,0.65,0.5666666666666667,0.5,0.75,0.65,0.7333333333333334,0.5,0.6333333333333333,0.7333333333333334,0.5666666666666667,0.65,0.5666666666666667,0.5666666666666668,0.5666666666666665,0.4833333333333334,0.5666666666666668,0.55,0.7333333333333334,0.18333333333333335,0.6,0.35000000000000003,0.7000000000000001,0.5833333333333334,0.38333333333333336,0.5166666666666667,0.4333333333333333,0.7000000000000001,0.5833333333333334,0.8000000000000002,0.6,0.4166666666666667,0.5333333333333333,0.6,0.2333333333333333,0.15000000000000002,0.48333333333333334,0.7416666666666667,0.8846666666666666,0.03766666666666667,0.06233333333333333,0.63,0.6866666666666666,1.0857142857142856,1.0
3610.0,39.0,15.0,10.0,14.0,7.0,3358.0,345.0,37.0,280.0,435.0,253.0,579.0,576.0,326.0,583.0,803.0,1685.0,740.0,477.0,224.0,304.0,0.7166666666666667,0.6666666666666666,0.65,0.5666666666666667,0.5,0.75,0.65,0.7333333333333334,0.5,0.6333333333333333,0.7333333333333334,0.5666666666666667,0.65,0.5666666666666667,0.5666666666666668,0.5666666666666665,0.4833333333333334,0.5666666666666668,0.55,0.7333333333333334,0.18333333333333335,0.6,0.35000000000000003,0.7000000000000001,0.5833333333333334,0.38333333333333336,0.5166666666666667,0.4333333333333333,0.7000000000000001,0.5833333333333334,0.8000000000000002,0.6,0.4166666666666667,0.5333333333333333,0.6,0.2333333333333333,0.15000000000000002,0.48333333333333334,0.7416666666666667,0.8846666666666666,0.03766666666666667,0.06233333333333333,0.63,0.6866666666666666,1.0571428571428572,1.0
3662.0,9.0,5.0,1.0,3.0,1.0,753.0,65.0,8.0,47.0,98.0,40.0,171.0,171.0,69.0,239.0,269.0,318.0,200.0,200.0,70.0,78.0,0.6666666666666666,0.6166666666666667,0.6166666666666667,0.4333333333333333,0.26666666666666666,0.65,0.5666666666666667,0.6833333333333332,0.4833333333333334,0.3833333333333333,0.7000000000000001,0.55,0.6833333333333332,0.48333333333333334,0.5499999999999999,0.5333333333333333,0.5166666666666666,0.5833333333333334,0.5333333333333333,0.6666666666666666,0.10000000000000002,0.5,0.19999999999999998,0.6499999999999999,0.5666666666666668,0.45,0.6,0.4833333333333334,0.6333333333333333,0.5499999999999999,0.7833333333333333,0.5833333333333334,0.4833333333333334,0.55,0.5666666666666668,0.3,0.11666666666666665,0.44999999999999996,0.75,0.8053333333333333,0.0029999999999999996,0.028333333333333335,0.57,0.6666666666666666,0.9428571428571428,1.0
3719.0,195.0,75.0,47.0,73.0,53.0,17342.0,1472.0,195.0,1035.0,1990.0,1144.0,2640.0,2626.0,1292.0,3169.0,3976.0,7732.0,3643.0,2684.0,1218.0,1334.0,0.6833333333333332,0.5666666666666668,0.6333333333333334,0.39999999999999997,0.5,0.6166666666666667,0.65,0.7166666666666667,0.6333333333333333,0.8166666666666668,0.6833333333333332,0.6166666666666667,0.6166666666666667,0.5333333333333333,0.65,0.6333333333333333,0.5,0.5666666666666668,0.6,0.7166666666666667,0.10000000000000002,0.4166666666666667,0.15,0.6666666666666666,0.5499999999999999,0.3666666666666667,0.5166666666666667,0.5,0.6833333333333332,0.6166666666666667,0.7666666666666666,0.6333333333333334,0.5166666666666667,0.5666666666666667,0.7166666666666667,0.3499999999999999,0.09999999999999999,0.5,0.8083333333333332,0.8216666666666667,0.015666666666666666,0.09033333333333333,0.6166666666666667,0.6966666666666667,1.1714285714285715,1.0
3732.0,2.0,2.0,2.0,2.3333333333333335,1.0,135.0,19.0,1.0,13.0,17.0,6.0,17.0,17.0,18.0,21.0,34.0,49.0,16.0,16.0,5.0,4.0,0.6666666666666666,0.6166666666666667,0.6166666666666667,0.4333333333333333,0.26666666666666666,0.65,0.5666666666666667,0.6833333333333332,0.4833333333333334,0.3833333333333333,0.7000000000000001,0.55,0.6833333333333332,0.48333333333333334,0.5499999999999999,0.5333333333333333,0.5166666666666666,0.5833333333333334,0.5333333333333333,0.6666666666666666,0.10000000000000002,0.5,0.19999999999999998,0.6499999999999999,0.5666666666666668,0.45,0.6,0.4833333333333334,0.6333333333333333,0.5499999999999999,0.7833333333333333,0.5833333333333334,0.4833333333333334,0.55,0.5666666666666668,0.3,0.11666666666666665,0.44999999999999996,0.75,0.8053333333333333,0.0029999999999999996,0.028333333333333335,0.57,0.6666666666666666,0.8571428571428571,1.0
4110.0,2.0,2.3333333333333335,1.6666666666666667,2.0,1.0,180.0,15.0,2.0,8.0,19.0,19.0,32.0,32.0,13.0,32.0,40.0,99.0,43.0,27.0,11.0,13.0,0.6666666666666666,0.6166666666666667,0.6166666666666667,0.4333333333333333,0.26666666666666666,0.65,0.5666666666666667,0.6833333333333332,0.4833333333333334,0.3833333333333333,0.7000000000000001,0.55,0.6833333333333332,0.48333333333333334,0.5499999999999999,0.5333333333333333,0.5166666666666666,0.5833333333333334,0.5333333333333333,0.6666666666666666,0.10000000000000002,0.5,0.19999999999999998,0.6499999999999999,0.5666666666666668,0.45,0.6,0.4833333333333334,0.6333333333333333,0.5499999999999999,0.7833333333333333,0.5833333333333334,0.4833333333333334,0.55,0.5666666666666668,0.3,0.11666666666666665,0.44999999999999996,0.75,0.8053333333333333,0.0029999999999999996,0.028333333333333335,0.57,0.6666666666666666,1.1428571428571428,1.0
4120.0,38.0,24.0,4.0,10.0,10.0,3420.0,364.0,37.0,56.0,370.0,207.0,788.0,788.0,112.0,1116.0,1144.0,1417.0,1039.0,1032.0,346.0,456.0,0.75,0.7000000000000001,0.6333333333333333,0.5166666666666667,0.4666666666666666,0.75,0.6833333333333332,0.75,0.48333333333333334,0.65,0.7166666666666667,0.5833333333333334,0.7000000000000001,0.48333333333333334,0.5499999999999999,0.5333333333333333,0.4166666666666667,0.5833333333333334,0.5333333333333333,0.6833333333333332,0.13333333333333333,0.5333333333333333,0.3333333333333333,0.65,0.5833333333333334,0.43333333333333335,0.4833333333333334,0.45,0.6666666666666666,0.5833333333333334,0.7833333333333332,0.5666666666666668,0.4000000000000001,0.48333333333333334,0.5833333333333334,0.26666666666666666,0.10000000000000002,0.4666666666666666,0.8166666666666668,0.875,0.039,0.062,0.62,0.6833333333333332,0.9142857142857143,1.0
4154.0,19.0,4.0,1.0,14.0,9.0,1710.0,128.0,19.0,168.0,199.0,107.0,186.0,186.0,188.0,160.0,312.0,673.0,214.0,124.0,56.0,93.0,0.6666666666666666,0.6166666666666667,0.6166666666666667,0.4333333333333333,0.26666666666666666,0.65,0.5666666666666665,0.6833333333333332,0.4833333333333334,0.38333333333333336,0.6999999999999998,0.55,0.6833333333333332,0.48333333333333334,0.5499999999999999,0.5333333333333333,0.5166666666666666,0.5833333333333334,0.5333333333333333,0.6666666666666666,0.10000000000000002,0.5,0.20000000000000004,0.65,0.5666666666666668,0.44999999999999996,0.6,0.4833333333333334,0.6333333333333333,0.5499999999999999,0.7833333333333333,0.5833333333333334,0.4833333333333334,0.5499999999999999,0.5666666666666667,0.3,0.11666666666666665,0.45,0.75,0.8053333333333333,0.0029999999999999996,0.028333333333333335,0.5700000000000001,0.6666666666666666,1.0857142857142856,1.0
4179.0,245.0,69.0,67.0,109.0,80.0,21997.0,1699.0,244.0,2170.0,3112.0,1364.0,3163.0,3151.0,2539.0,3715.0,5546.0,9445.0,3985.0,3007.0,1350.0,1470.0,0.7166666666666667,0.6333333333333333,0.6666666666666666,0.4666666666666666,0.43333333333333335,0.6333333333333333,0.7000000000000001,0.7333333333333334,0.6666666666666666,0.5833333333333334,0.7166666666666667,0.7166666666666667,0.6,0.65,0.6833333333333332,0.6666666666666666,0.5,0.65,0.5833333333333334,0.7333333333333333,0.16666666666666666,0.5333333333333333,0.18333333333333335,0.6833333333333332,0.55,0.43333333333333335,0.5666666666666668,0.4166666666666667,0.7333333333333334,0.5666666666666668,0.75,0.7000000000000001,0.46666666666666673,0.5833333333333334,0.7000000000000001,0.25,0.18333333333333332,0.46666666666666673,0.8250000000000001,0.8843333333333333,0.108,0.118,0.65,0.7333333333333334,0.9714285714285714,1.0
4245.0,104.0,45.0,17.0,42.0,35.0,9206.0,828.0,102.0,1539.0,1909.0,484.0,999.0,999.0,1727.0,1544.0,2875.0,3897.0,1150.0,1148.0,591.0,475.0,0.75,0.7,0.6,0.5,0.55,0.8,0.7,0.7,0.6,0.5,0.9,0.7,0.55,0.35,0.65,0.6,0.6,0.7,0.65,0.7,0.4,0.65,0.55,0.65,0.6,0.35,0.65,0.5,0.8,0.65,0.75,0.65,0.5,0.6,0.6,0.1,0.25,0.55,0.8,0.842,0.253,0.208,0.75,0.78,0.8571428571428571,1.0
4319.0,54.0,23.0,17.0,14.0,17.0,4761.0,471.0,52.0,354.0,727.0,373.0,832.0,830.0,501.0,1278.0,1520.0,2166.0,1057.0,1019.0,493.0,273.0,0.7333333333333334,0.6833333333333335,0.6,0.4166666666666667,0.48333333333333334,0.7666666666666666,0.6833333333333332,0.7166666666666667,0.48333333333333334,0.6333333333333333,0.7666666666666666,0.6,0.6666666666666666,0.3666666666666667,0.5833333333333334,0.6166666666666667,0.5499999999999999,0.6166666666666666,0.5499999999999999,0.6833333333333332,0.23333333333333336,0.5,0.43333333333333335,0.6666666666666666,0.6166666666666667,0.48333333333333334,0.5166666666666667,0.5333333333333333,0.6999999999999998,0.7000000000000001,0.7666666666666666,0.6166666666666667,0.4666666666666666,0.5833333333333334,0.65,0.2333333333333333,0.15,0.48333333333333334,0.8500000000000001,0.9046666666666666,0.09999999999999999,0.142,0.6733333333333333,0.7166666666666667,1.0,1.0
4330.0,392.0,86.0,95.0,211.0,136.0,35219.0,2680.0,392.0,4121.0,5436.0,1900.0,3678.0,3674.0,4762.0,5368.0,8676.0,12683.0,4451.0,3914.0,2209.0,1173.0,0.8,0.4,0.5,0.3,0.65,0.8,0.7,0.7,0.4,0.5,0.95,0.15,0.4,0.25,0.7,0.55,0.45,0.6,0.65,0.8,0.25,0.65,0.5,0.75,0.45,0.25,0.6,0.65,0.85,0.6,0.75,0.85,0.65,0.6,0.65,0.4,0.1,0.4,0.775,0.752,0.524,0.781,0.73,0.89,0.9142857142857143,1.0
4331.0,37.0,22.0,11.0,4.0,6.0,3330.0,368.0,37.0,272.0,479.0,211.0,642.0,642.0,359.0,932.0,1108.0,1531.0,753.0,749.0,311.0,297.0,0.7,0.65,0.55,0.45,0.5,0.85,0.6,0.7,0.45,0.75,0.8,0.6,0.65,0.45,0.6,0.7,0.45,0.65,0.6,0.75,0.2,0.5,0.4,0.75,0.6,0.4,0.55,0.5,0.75,0.5,0.85,0.6,0.4,0.5,0.55,0.1,0.1,0.45,0.8,0.842,0.096,0.094,0.68,0.7,0.8285714285714286,1.0
4347.0,13.0,9.0,1.0,3.0,2.0,1089.0,101.0,12.0,57.0,133.0,62.0,211.0,210.0,82.0,290.0,329.0,477.0,261.0,247.0,96.0,98.0,0.6666666666666666,0.6166666666666667,0.6166666666666667,0.4333333333333333,0.26666666666666666,0.65,0.5666666666666667,0.6833333333333332,0.4833333333333334,0.3833333333333333,0.7000000000000001,0.55,0.6833333333333332,0.48333333333333334,0.5499999999999999,0.5333333333333333,0.5166666666666666,0.5833333333333334,0.5333333333333333,0.6666666666666666,0.10000000000000002,0.5,0.19999999999999998,0.6499999999999999,0.5666666666666668,0.45,0.6,0.4833333333333334,0.6333333333333333,0.5499999999999999,0.7833333333333333,0.5833333333333334,0.4833333333333334,0.55,0.5666666666666668,0.3,0.11666666666666665,0.44999999999999996,0.75,0.8053333333333333,0.0029999999999999996,0.028333333333333335,0.57,0.6666666666666666,0.8857142857142857,1.0
4348.0,3.0,3.0,1.3333333333333333,1.6666666666666667,1.0,188.0,11.0,3.0,34.0,41.0,8.0,23.0,23.0,38.0,32.0,63.0,84.0,25.0,25.0,10.0,10.0,0.65,0.6,0.6,0.45,0.05,0.65,0.6,0.6,0.55,0.2,0.7,0.55,0.55,0.25,0.6,0.65,0.6,0.6,0.6,0.6,0.05,0.4,0.45,0.7,0.55,0.6,0.55,0.45,0.65,0.65,0.75,0.65,0.45,0.55,0.65,0.25,0.05,0.3,0.675,0.792,0.009,0.042,0.6,0.68,0.8571428571428571,1.0
4398.0,102.0,39.0,31.0,32.0,31.0,9112.0,840.0,100.0,1337.0,1577.0,570.0,1128.0,1121.0,1547.0,1164.0,2303.0,4327.0,1246.0,756.0,487.0,212.0,0.7166666666666667,0.6666666666666666,0.5166666666666666,0.5666666666666667,0.45,0.7666666666666666,0.6666666666666666,0.7666666666666666,0.5166666666666667,0.5166666666666666,0.8333333333333334,0.6833333333333332,0.5833333333333334,0.4166666666666667,0.65,0.6666666666666666,0.6166666666666666,0.6333333333333333,0.5,0.6,0.25000000000000006,0.5333333333333333,0.3166666666666667,0.65,0.6666666666666666,0.31666666666666665,0.5833333333333334,0.5833333333333334,0.8000000000000002,0.65,0.7833333333333333,0.65,0.5,0.6333333333333333,0.6166666666666667,0.16666666666666666,0.18333333333333335,0.5,0.7999999999999999,0.8353333333333333,0.14133333333333334,0.156,0.6866666666666666,0.8033333333333333,1.1142857142857143,1.0
4401.0,29.0,15.0,7.0,7.0,4.0,2387.0,224.0,26.0,220.0,271.0,162.0,275.0,274.0,269.0,253.0,439.0,989.0,324.0,170.0,94.0,41.0,0.7166666666666667,0.6333333333333333,0.65,0.5166666666666666,0.48333333333333334,0.7333333333333334,0.6666666666666666,0.7333333333333334,0.48333333333333334,0.6666666666666666,0.7166666666666667,0.5833333333333334,0.6833333333333332,0.5333333333333333,0.6333333333333333,0.5833333333333334,0.5166666666666667,0.65,0.5833333333333334,0.7166666666666667,0.23333333333333336,0.5333333333333333,0.3,0.6999999999999998,0.6666666666666666,0.3833333333333333,0.5833333333333334,0.48333333333333334,0.6833333333333332,0.6166666666666667,0.7999999999999999,0.65,0.4666666666666666,0.5666666666666667,0.5833333333333334,0.2333333333333333,0.18333333333333335,0.4666666666666666,0.7999999999999999,0.8716666666666667,0.09300000000000001,0.118,0.6533333333333334,0.7133333333333334,1.2571428571428571,1.0
4511.0,7.0,4.0,2.0,1.0,1.3333333333333333,630.0,79.0,7.0,88.0,128.0,37.0,87.0,87.0,110.0,147.0,211.0,282.0,101.0,101.0,66.0,23.0,0.6666666666666666,0.6166666666666667,0.6166666666666667,0.4333333333333333,0.26666666666666666,0.65,0.5666666666666667,0.6833333333333332,0.4833333333333334,0.3833333333333333,0.7000000000000001,0.55,0.6833333333333332,0.48333333333333334,0.5499999999999999,0.5333333333333333,0.5166666666666666,0.5833333333333334,0.5333333333333333,0.6666666666666666,0.10000000000000002,0.5,0.19999999999999998,0.6499999999999999,0.5666666666666668,0.45,0.6,0.4833333333333334,0.6333333333333333,0.5499999999999999,0.7833333333333333,0.5833333333333334,0.4833333333333334,0.55,0.5666666666666668,0.3,0.11666666666666665,0.44999999999999996,0.75,0.8053333333333333,0.0029999999999999996,0.028333333333333335,0.57,0.6666666666666666,0.8571428571428571,1.0
4522.0,19.0,10.0,2.0,7.0,6.0,1710.0,174.0,19.0,348.0,390.0,87.0,180.0,180.0,381.0,245.0,565.0,796.0,184.0,184.0,74.0,54.0,0.6999999999999998,0.6166666666666667,0.6666666666666666,0.5166666666666666,0.3333333333333333,0.6666666666666666,0.6666666666666666,0.6999999999999998,0.5166666666666667,0.4833333333333334,0.6833333333333332,0.5666666666666668,0.65,0.4666666666666666,0.6333333333333333,0.5666666666666668,0.5666666666666667,0.6333333333333333,0.5833333333333334,0.6666666666666666,0.18333333333333335,0.5,0.3166666666666667,0.6833333333333332,0.65,0.44999999999999996,0.5833333333333334,0.4666666666666666,0.65,0.6666666666666666,0.7666666666666666,0.6666666666666666,0.4833333333333334,0.5833333333333334,0.6166666666666666,0.2833333333333333,0.16666666666666666,0.4166666666666667,0.7583333333333333,0.855,0.064,0.10066666666666667,0.6266666666666667,0.7066666666666667,0.8285714285714286,1.0
4543.0,6.0,3.0,1.0,2.0,1.3333333333333333,495.0,54.0,5.0,28.0,61.0,27.0,108.0,108.0,37.0,146.0,169.0,228.0,132.0,132.0,38.0,35.0,0.6666666666666666,0.6166666666666667,0.6166666666666667,0.4333333333333333,0.26666666666666666,0.65,0.5666666666666667,0.6833333333333332,0.4833333333333334,0.3833333333333333,0.7000000000000001,0.55,0.6833333333333332,0.48333333333333334,0.5499999999999999,0.5333333333333333,0.5166666666666666,0.5833333333333334,0.5333333333333333,0.6666666666666666,0.10000000000000002,0.5,0.19999999999999998,0.6499999999999999,0.5666666666666668,0.45,0.6,0.4833333333333334,0.6333333333333333,0.5499999999999999,0.7833333333333333,0.5833333333333334,0.4833333333333334,0.55,0.5666666666666668,0.3,0.11666666666666665,0.44999999999999996,0.75,0.8053333333333333,0.0029999999999999996,0.028333333333333335,0.57,0.6666666666666666,0.8285714285714286,1.0
4556.0,3.0,1.0,2.0,1.6666666666666667,1.3333333333333333,222.0,26.0,1.0,1.0,12.0,15.0,35.0,35.0,4.0,33.0,33.0,88.0,56.0,29.0,12.0,21.0,0.6666666666666666,0.6166666666666667,0.6166666666666667,0.4333333333333333,0.26666666666666666,0.65,0.5666666666666667,0.6833333333333332,0.4833333333333334,0.3833333333333333,0.7000000000000001,0.55,0.6833333333333332,0.48333333333333334,0.5499999999999999,0.5333333333333333,0.5166666666666666,0.5833333333333334,0.5333333333333333,0.6666666666666666,0.10000000000000002,0.5,0.19999999999999998,0.6499999999999999,0.5666666666666668,0.45,0.6,0.4833333333333334,0.6333333333333333,0.5499999999999999,0.7833333333333333,0.5833333333333334,0.4833333333333334,0.55,0.5666666666666668,0.3,0.11666666666666665,0.44999999999999996,0.75,0.8053333333333333,0.0029999999999999996,0.028333333333333335,0.57,0.6666666666666666,1.0857142857142856,1.0
4566.0,24.0,13.0,9.0,2.0,5.0,2100.0,232.0,24.0,102.0,155.0,163.0,353.0,350.0,141.0,272.0,364.0,922.0,399.0,223.0,79.0,84.0,0.7166666666666667,0.6333333333333333,0.65,0.5166666666666666,0.48333333333333334,0.7333333333333334,0.6666666666666666,0.7333333333333334,0.48333333333333334,0.6666666666666666,0.7166666666666667,0.5833333333333334,0.6833333333333332,0.5333333333333333,0.6333333333333333,0.5833333333333334,0.5166666666666667,0.65,0.5833333333333334,0.7166666666666667,0.23333333333333336,0.5333333333333333,0.3,0.6999999999999998,0.6666666666666666,0.3833333333333333,0.5833333333333334,0.48333333333333334,0.6833333333333332,0.6166666666666667,0.7999999999999999,0.65,0.4666666666666666,0.5666666666666667,0.5833333333333334,0.2333333333333333,0.18333333333333335,0.4666666666666666,0.7999999999999999,0.8716666666666667,0.09300000000000001,0.118,0.6533333333333334,0.7133333333333334,1.2285714285714286,1.0
4573.0,141.0,63.0,41.0,37.0,29.0,12656.0,1225.0,140.0,1192.0,1840.0,685.0,1902.0,1900.0,1436.0,2601.0,3625.0,5107.0,2318.0,2189.0,842.0,701.0,0.7,0.65,0.55,0.25,0.5,0.7,0.7,0.75,0.55,0.9,0.7,0.55,0.55,0.35,0.65,0.6,0.5,0.5,0.6,0.75,0.15,0.35,0.05,0.75,0.6,0.45,0.55,0.45,0.7,0.6,0.85,0.65,0.45,0.65,0.75,0.35,0.15,0.7,0.825,0.782,0.029,0.104,0.63,0.7,0.9428571428571428,1.0
4600.0,43.0,20.0,10.0,13.0,6.0,3804.0,340.0,41.0,432.0,585.0,189.0,467.0,466.0,509.0,608.0,982.0,1547.0,567.0,473.0,221.0,198.0,0.7333333333333334,0.6833333333333335,0.6,0.4166666666666667,0.48333333333333334,0.7666666666666666,0.6833333333333332,0.7166666666666667,0.48333333333333334,0.6333333333333333,0.7666666666666666,0.6,0.6666666666666666,0.3666666666666667,0.5833333333333334,0.6166666666666667,0.5499999999999999,0.6166666666666666,0.5499999999999999,0.6833333333333332,0.23333333333333336,0.5,0.43333333333333335,0.6666666666666666,0.6166666666666667,0.48333333333333334,0.5166666666666667,0.5333333333333333,0.6999999999999998,0.7000000000000001,0.7666666666666666,0.6166666666666667,0.4666666666666666,0.5833333333333334,0.65,0.2333333333333333,0.15,0.48333333333333334,0.8500000000000001,0.9046666666666666,0.09999999999999999,0.142,0.6733333333333333,0.7166666666666667,0.8571428571428571,1.0
4601.0,128.0,47.0,36.0,45.0,39.0,11443.0,882.0,128.0,1242.0,1712.0,624.0,1525.0,1519.0,1516.0,2053.0,3050.0,4729.0,1748.0,1534.0,747.0,608.0,0.7666666666666666,0.6166666666666667,0.6833333333333332,0.39999999999999997,0.5166666666666667,0.6833333333333332,0.65,0.7333333333333334,0.5333333333333333,0.6,0.75,0.5833333333333334,0.6166666666666667,0.45,0.6333333333333333,0.6833333333333332,0.6166666666666667,0.6166666666666667,0.6666666666666666,0.7833333333333333,0.11666666666666665,0.45,0.06666666666666667,0.7166666666666667,0.4666666666666666,0.4166666666666667,0.5499999999999999,0.3666666666666667,0.6666666666666666,0.6333333333333333,0.8333333333333334,0.6333333333333334,0.3666666666666667,0.55,0.7833333333333333,0.3499999999999999,0.11666666666666665,0.5166666666666666,0.85,0.8513333333333334,0.026333333333333337,0.125,0.6566666666666667,0.7166666666666667,1.2,1.0
4634.0,87.0,36.0,26.0,25.0,21.0,7740.0,760.0,85.0,645.0,1307.0,466.0,1326.0,1321.0,800.0,2068.0,2593.0,3471.0,1810.0,1793.0,791.0,638.0,0.75,0.6,0.35,0.55,0.3,0.75,0.55,0.8,0.45,0.4,0.8,0.55,0.6,0.5,0.6,0.7,0.7,0.6,0.35,0.5,0.15,0.5,0.1,0.65,0.6,0.25,0.6,0.6,0.8,0.6,0.9,0.6,0.5,0.7,0.65,0.15,0.15,0.5,0.875,0.842,0.011,0.083,0.62,0.81,0.8285714285714286,1.0
4640.0,226.0,103.0,50.0,73.0,57.0,20293.0,1886.0,226.0,2208.0,3690.0,1186.0,3354.0,3354.0,2576.0,5208.0,6980.0,9236.0,4413.0,4404.0,1933.0,2221.0,0.7,0.75,0.7,0.6,0.55,0.7,0.8,0.8,0.6,0.55,0.8,0.7,0.6,0.8,0.7,0.75,0.5,0.7,0.6,0.7,0.1,0.7,0.15,0.7,0.5,0.75,0.55,0.4,0.8,0.6,0.7,0.75,0.4,0.65,0.65,0.35,0.1,0.7,0.65,0.762,0.291,0.229,0.73,0.76,0.8,1.0
4664.0,351.0,82.0,68.0,201.0,124.0,31367.0,2566.0,350.0,4974.0,5887.0,1516.0,3192.0,3175.0,5694.0,4721.0,8734.0,12748.0,3401.0,3040.0,1954.0,1072.0,0.55,0.6,0.65,0.6,0.4,0.8,0.55,0.75,0.4,0.65,0.85,0.65,0.55,0.75,0.85,0.85,0.35,0.75,0.7,0.75,0.3,0.75,0.3,0.8,0.75,0.45,0.7,0.55,0.75,0.55,0.65,0.75,0.5,0.7,0.65,0.45,0.1,0.5,0.675,0.812,0.001,0.004,0.74,0.85,1.0285714285714285,1.0
4696.0,51.0,19.0,12.0,20.0,17.0,4457.0,386.0,48.0,416.0,677.0,287.0,739.0,738.0,509.0,1018.0,1354.0,1976.0,912.0,846.0,346.0,310.0,0.8,0.8,0.6,0.4,0.45,0.75,0.75,0.75,0.5,0.55,0.75,0.6,0.7,0.25,0.45,0.5,0.45,0.5,0.45,0.6,0.1,0.5,0.5,0.55,0.5,0.6,0.35,0.5,0.65,0.75,0.7,0.5,0.4,0.5,0.7,0.35,0.05,0.5,0.9,0.941,0.021,0.082,0.62,0.68,0.9142857142857143,1.0
4726.0,53.0,34.0,11.0,8.0,7.0,4770.0,559.0,53.0,319.0,530.0,410.0,864.0,864.0,408.0,909.0,1155.0,2133.0,1042.0,747.0,297.0,362.0,0.7333333333333334,0.6833333333333335,0.6,0.4166666666666667,0.48333333333333334,0.7666666666666666,0.6833333333333332,0.7166666666666667,0.48333333333333334,0.6333333333333333,0.7666666666666666,0.6,0.6666666666666666,0.3666666666666667,0.5833333333333334,0.6166666666666667,0.5499999999999999,0.6166666666666666,0.5499999999999999,0.6833333333333332,0.23333333333333336,0.5,0.43333333333333335,0.6666666666666666,0.6166666666666667,0.48333333333333334,0.5166666666666667,0.5333333333333333,0.6999999999999998,0.7000000000000001,0.7666666666666666,0.6166666666666667,0.4666666666666666,0.5833333333333334,0.65,0.2333333333333333,0.15,0.48333333333333334,0.8500000000000001,0.9046666666666666,0.09999999999999999,0.142,0.6733333333333333,0.7166666666666667,1.0571428571428572,1.0
4727.0,2.0,1.0,1.0,1.6666666666666667,1.3333333333333333,180.0,18.0,2.0,5.0,15.0,8.0,29.0,29.0,8.0,39.0,44.0,56.0,36.0,36.0,10.0,17.0,0.6666666666666666,0.6166666666666667,0.6166666666666667,0.4333333333333333,0.26666666666666666,0.65,0.5666666666666667,0.6833333333333332,0.4833333333333334,0.3833333333333333,0.7000000000000001,0.55,0.6833333333333332,0.48333333333333334,0.5499999999999999,0.5333333333333333,0.5166666666666666,0.5833333333333334,0.5333333333333333,0.6666666666666666,0.10000000000000002,0.5,0.19999999999999998,0.6499999999999999,0.5666666666666668,0.45,0.6,0.4833333333333334,0.6333333333333333,0.5499999999999999,0.7833333333333333,0.5833333333333334,0.4833333333333334,0.55,0.5666666666666668,0.3,0.11666666666666665,0.44999999999999996,0.75,0.8053333333333333,0.0029999999999999996,0.028333333333333335,0.57,0.6666666666666666,0.9142857142857143,1.0
4779.0,55.0,28.0,13.0,14.0,10.0,4896.0,446.0,55.0,379.0,665.0,322.0,713.0,708.0,444.0,920.0,1241.0,1976.0,971.0,797.0,356.0,322.0,0.7333333333333334,0.6833333333333335,0.6,0.4166666666666667,0.48333333333333334,0.7666666666666666,0.6833333333333332,0.7166666666666667,0.48333333333333334,0.6333333333333333,0.7666666666666666,0.6,0.6666666666666666,0.3666666666666667,0.5833333333333334,0.6166666666666667,0.5499999999999999,0.6166666666666666,0.5499999999999999,0.6833333333333332,0.23333333333333336,0.5,0.43333333333333335,0.6666666666666666,0.6166666666666667,0.48333333333333334,0.5166666666666667,0.5333333333333333,0.6999999999999998,0.7000000000000001,0.7666666666666666,0.6166666666666667,0.4666666666666666,0.5833333333333334,0.65,0.2333333333333333,0.15,0.48333333333333334,0.8500000000000001,0.9046666666666666,0.09999999999999999,0.142,0.6733333333333333,0.7166666666666667,1.1428571428571428,1.0
4785.0,52.0,27.0,13.0,12.0,12.0,4567.0,384.0,52.0,174.0,466.0,324.0,784.0,784.0,229.0,1000.0,1114.0,1698.0,1073.0,885.0,363.0,435.0,0.7333333333333334,0.6833333333333335,0.6,0.4166666666666667,0.48333333333333334,0.7666666666666666,0.6833333333333332,0.7166666666666667,0.48333333333333334,0.6333333333333333,0.7666666666666666,0.6,0.6666666666666666,0.3666666666666667,0.5833333333333334,0.6166666666666667,0.5499999999999999,0.6166666666666666,0.5499999999999999,0.6833333333333332,0.23333333333333336,0.5,0.43333333333333335,0.6666666666666666,0.6166666666666667,0.48333333333333334,0.5166666666666667,0.5333333333333333,0.6999999999999998,0.7000000000000001,0.7666666666666666,0.6166666666666667,0.4666666666666666,0.5833333333333334,0.65,0.2333333333333333,0.15,0.48333333333333334,0.8500000000000001,0.9046666666666666,0.09999999999999999,0.142,0.6733333333333333,0.7166666666666667,1.1428571428571428,1.0
4786.0,28.0,13.0,6.0,9.0,6.0,2477.0,260.0,27.0,199.0,355.0,171.0,422.0,422.0,255.0,614.0,769.0,1057.0,520.0,514.0,202.0,152.0,0.75,0.65,0.75,0.7,0.45,0.65,0.7,0.8,0.5,0.65,0.6,0.55,0.75,0.75,0.6,0.4,0.35,0.6,0.55,0.7,0.1,0.6,0.1,0.65,0.65,0.3,0.55,0.35,0.6,0.5,0.8,0.6,0.4,0.45,0.5,0.35,0.15,0.45,0.75,0.842,0.0,0.01,0.56,0.67,1.0857142857142856,1.0
4852.0,139.0,45.0,37.0,57.0,38.0,12363.0,1208.0,137.0,863.0,1727.0,877.0,1912.0,1907.0,1079.0,2833.0,3481.0,5129.0,2623.0,2402.0,1096.0,880.0,0.65,0.65,0.8,0.75,0.65,0.65,0.6,0.65,0.6,0.75,0.7,0.6,0.65,0.65,0.65,0.7,0.55,0.6,0.65,0.75,0.1,0.55,0.1,0.65,0.5,0.35,0.5,0.55,0.7,0.65,0.65,0.7,0.55,0.55,0.65,0.35,0.05,0.5,0.725,0.792,0.008,0.125,0.66,0.7,1.0,1.0
4909.0,8.0,6.0,2.0,2.0,1.3333333333333333,686.0,73.0,7.0,43.0,86.0,29.0,119.0,119.0,57.0,166.0,203.0,282.0,146.0,146.0,49.0,34.0,0.6666666666666666,0.6166666666666667,0.6166666666666667,0.4333333333333333,0.26666666666666666,0.65,0.5666666666666667,0.6833333333333332,0.4833333333333334,0.3833333333333333,0.7000000000000001,0.55,0.6833333333333332,0.48333333333333334,0.5499999999999999,0.5333333333333333,0.5166666666666666,0.5833333333333334,0.5333333333333333,0.6666666666666666,0.10000000000000002,0.5,0.19999999999999998,0.6499999999999999,0.5666666666666668,0.45,0.6,0.4833333333333334,0.6333333333333333,0.5499999999999999,0.7833333333333333,0.5833333333333334,0.4833333333333334,0.55,0.5666666666666668,0.3,0.11666666666666665,0.44999999999999996,0.75,0.8053333333333333,0.0029999999999999996,0.028333333333333335,0.57,0.6666666666666666,1.0285714285714285,1.0
4911.0,126.0,21.0,28.0,77.0,48.0,11224.0,717.0,126.0,1404.0,1836.0,572.0,1239.0,1234.0,1624.0,1919.0,3039.0,4279.0,1430.0,1415.0,723.0,408.0,0.7166666666666667,0.6999999999999998,0.6166666666666667,0.4666666666666666,0.5333333333333333,0.75,0.7166666666666667,0.7666666666666666,0.5666666666666668,0.5666666666666668,0.85,0.7333333333333334,0.5666666666666667,0.4000000000000001,0.7000000000000001,0.6666666666666666,0.5833333333333334,0.6,0.5666666666666668,0.6833333333333332,0.4333333333333333,0.5833333333333334,0.3333333333333333,0.6833333333333332,0.6666666666666666,0.4333333333333333,0.5499999999999999,0.6,0.7333333333333334,0.6666666666666666,0.7333333333333334,0.6833333333333332,0.48333333333333334,0.5666666666666668,0.6,0.15,0.18333333333333335,0.5,0.75,0.8286666666666666,0.15933333333333333,0.15966666666666665,0.7133333333333333,0.7833333333333332,0.8571428571428571,1.0
4951.0,30.0,15.0,12.0,3.0,9.0,2626.0,256.0,29.0,269.0,497.0,149.0,455.0,455.0,354.0,756.0,946.0,1200.0,592.0,592.0,307.0,109.0,0.7166666666666667,0.6333333333333333,0.65,0.5166666666666666,0.48333333333333334,0.7333333333333334,0.6666666666666666,0.7333333333333334,0.48333333333333334,0.6666666666666666,0.7166666666666667,0.5833333333333334,0.6833333333333332,0.5333333333333333,0.6333333333333333,0.5833333333333334,0.5166666666666667,0.65,0.5833333333333334,0.7166666666666667,0.23333333333333336,0.5333333333333333,0.3,0.6999999999999998,0.6666666666666666,0.3833333333333333,0.5833333333333334,0.48333333333333334,0.6833333333333332,0.6166666666666667,0.7999999999999999,0.65,0.4666666666666666,0.5666666666666667,0.5833333333333334,0.2333333333333333,0.18333333333333335,0.4666666666666666,0.7999999999999999,0.8716666666666667,0.09300000000000001,0.118,0.6533333333333334,0.7133333333333334,1.1428571428571428,1.0
4985.0,115.0,37.0,28.0,50.0,28.0,10237.0,951.0,114.0,2142.0,2367.0,548.0,900.0,900.0,2318.0,1301.0,3248.0,4507.0,931.0,930.0,431.0,289.0,0.65,0.7,0.6,0.65,0.5,0.75,0.75,0.8,0.5,0.65,0.8,0.8,0.6,0.4,0.7,0.7,0.55,0.6,0.5,0.6,0.2,0.45,0.3,0.65,0.8,0.35,0.5,0.65,0.8,0.7,0.7,0.7,0.5,0.6,0.6,0.25,0.15,0.45,0.725,0.822,0.16,0.177,0.69,0.82,0.8571428571428571,1.0
5361.0,1.0,1.0,1.6666666666666667,2.0,1.3333333333333333,22.0,4.0,1.0,5.0,5.0,1.0,3.0,3.0,8.0,3.0,8.0,12.0,79.33333333333333,70.33333333333333,23.666666666666668,24.0,0.6666666666666666,0.6166666666666667,0.6166666666666667,0.4333333333333333,0.26666666666666666,0.65,0.5666666666666667,0.6833333333333332,0.4833333333333334,0.3833333333333333,0.7000000000000001,0.55,0.6833333333333332,0.48333333333333334,0.5499999999999999,0.5333333333333333,0.5166666666666666,0.5833333333333334,0.5333333333333333,0.6666666666666666,0.10000000000000002,0.5,0.19999999999999998,0.6499999999999999,0.5666666666666668,0.45,0.6,0.4833333333333334,0.6333333333333333,0.5499999999999999,0.7833333333333333,0.5833333333333334,0.4833333333333334,0.55,0.5666666666666668,0.3,0.11666666666666665,0.44999999999999996,0.75,0.8053333333333333,0.0029999999999999996,0.028333333333333335,0.57,0.6666666666666666,0.9714285714285714,1.0
5566.0,9.0,4.0,2.0,3.0,5.666666666666667,810.0,71.0,9.0,90.0,155.0,45.0,112.0,112.0,107.0,194.0,262.0,349.0,156.0,155.0,87.0,46.0,0.6666666666666666,0.6166666666666667,0.6166666666666667,0.4333333333333333,0.26666666666666666,0.65,0.5666666666666665,0.6833333333333332,0.4833333333333334,0.38333333333333336,0.6999999999999998,0.55,0.6833333333333332,0.48333333333333334,0.5499999999999999,0.5333333333333333,0.5166666666666666,0.5833333333333334,0.5333333333333333,0.6666666666666666,0.10000000000000002,0.5,0.20000000000000004,0.65,0.5666666666666668,0.44999999999999996,0.6,0.4833333333333334,0.6333333333333333,0.5499999999999999,0.7833333333333333,0.5833333333333334,0.4833333333333334,0.5499999999999999,0.5666666666666667,0.3,0.11666666666666665,0.45,0.75,0.8053333333333333,0.0029999999999999996,0.028333333333333335,0.5700000000000001,0.6666666666666666,1.0571428571428572,1.0
5748.0,39.0,21.0,13.0,5.0,9.0,3436.0,293.0,37.0,508.0,620.0,149.0,301.0,301.0,579.0,467.0,913.0,1297.0,337.0,334.0,177.0,87.0,0.7,0.6,0.65,0.4,0.5,0.7,0.7,0.7,0.5,0.6,0.75,0.6,0.65,0.4,0.7,0.65,0.75,0.7,0.6,0.7,0.4,0.5,0.4,0.7,0.75,0.45,0.65,0.6,0.7,0.85,0.75,0.75,0.6,0.75,0.7,0.25,0.3,0.5,0.85,0.931,0.183,0.25,0.72,0.77,0.8285714285714286,1.0
5810.0,29.0,7.0,5.0,17.0,7.0,2540.0,148.0,27.0,577.0,624.0,90.0,222.0,221.0,631.0,341.0,838.0,1060.0,208.0,207.0,133.0,64.0,0.7166666666666667,0.6333333333333333,0.65,0.5166666666666667,0.48333333333333334,0.7333333333333334,0.6666666666666666,0.7333333333333334,0.48333333333333334,0.6666666666666666,0.7166666666666668,0.5833333333333334,0.6833333333333332,0.5333333333333333,0.6333333333333333,0.5833333333333334,0.5166666666666667,0.6499999999999999,0.5833333333333334,0.7166666666666667,0.2333333333333333,0.5333333333333333,0.3,0.7000000000000001,0.6666666666666666,0.3833333333333333,0.5833333333333334,0.48333333333333334,0.6833333333333332,0.6166666666666667,0.7999999999999999,0.65,0.4666666666666666,0.5666666666666667,0.5833333333333334,0.2333333333333333,0.18333333333333332,0.4666666666666666,0.8000000000000002,0.8716666666666667,0.09300000000000001,0.118,0.6533333333333333,0.7133333333333333,1.1142857142857143,1.0
6451.0,127.0,50.0,30.0,47.0,37.0,11430.0,1154.0,127.0,1147.0,1920.0,583.0,1549.0,1549.0,1310.0,2459.0,3442.0,4579.0,2142.0,2132.0,950.0,445.0,0.75,0.7,0.65,0.25,0.55,0.7,0.7,0.8,0.6,0.55,0.85,0.7,0.55,0.45,0.75,0.7,0.6,0.5,0.55,0.75,0.7,0.65,0.15,0.75,0.6,0.6,0.5,0.65,0.6,0.65,0.75,0.7,0.45,0.5,0.6,0.1,0.15,0.5,0.725,0.822,0.065,0.094,0.7,0.75,0.9428571428571428,1.0
7213.0,29.0,20.0,3.0,6.0,5.0,2610.0,296.0,29.0,219.0,428.0,140.0,373.0,373.0,284.0,631.0,795.0,1055.0,514.0,511.0,266.0,89.0,0.7000000000000001,0.6333333333333333,0.6833333333333332,0.6166666666666666,0.48333333333333334,0.6833333333333332,0.6833333333333332,0.7333333333333334,0.5499999999999999,0.6333333333333333,0.7166666666666667,0.6666666666666666,0.6833333333333332,0.5833333333333334,0.65,0.5666666666666668,0.5833333333333334,0.65,0.5833333333333334,0.6999999999999998,0.38333333333333336,0.5333333333333333,0.26666666666666666,0.6666666666666666,0.6666666666666666,0.48333333333333334,0.6166666666666667,0.5166666666666666,0.7000000000000001,0.6166666666666667,0.7166666666666668,0.7166666666666667,0.5166666666666666,0.6,0.5666666666666667,0.25,0.19999999999999998,0.5,0.7166666666666667,0.8220000000000001,0.13066666666666668,0.11433333333333334,0.66,0.73,0.8285714285714286,1.0
7548.0,137.0,55.0,36.0,46.0,39.0,12240.0,1171.0,137.0,1427.0,2008.0,642.0,1548.0,1548.0,1687.0,2317.0,3516.0,4908.0,1834.0,1829.0,822.0,420.0,0.7,0.7,0.55,0.4,0.5,0.8,0.6,0.65,0.6,0.85,0.75,0.6,0.7,0.45,0.65,0.65,0.65,0.7,0.6,0.75,0.15,0.55,0.1,0.8,0.55,0.55,0.55,0.5,0.6,0.7,0.8,0.65,0.55,0.7,0.65,0.05,0.05,0.5,0.725,0.802,0.031,0.146,0.69,0.75,1.0,1.0
7975.0,40.0,13.0,13.0,14.0,12.0,3600.0,331.0,40.0,705.0,1002.0,234.0,584.0,584.0,801.0,983.0,1574.0,2016.0,772.0,773.0,433.0,363.0,0.65,0.65,0.65,0.75,0.5,0.7,0.65,0.7,0.65,0.65,0.8,0.85,0.65,0.6,0.65,0.65,0.65,0.65,0.6,0.7,0.65,0.5,0.3,0.65,0.6,0.7,0.65,0.6,0.8,0.5,0.6,0.8,0.55,0.6,0.5,0.15,0.15,0.55,0.55,0.693,0.209,0.083,0.7,0.75,0.7714285714285715,1.0
8293.0,3.0,2.0,1.3333333333333333,1.0,2.6666666666666665,181.0,23.0,2.0,6.0,26.0,9.0,30.0,30.0,9.0,51.0,56.0,62.0,47.0,47.0,21.0,29.0,0.7166666666666667,0.6333333333333333,0.6166666666666667,0.3833333333333333,0.3666666666666667,0.6666666666666666,0.6166666666666667,0.65,0.55,0.5,0.7333333333333334,0.5833333333333334,0.6166666666666667,0.4833333333333334,0.6,0.6833333333333332,0.6000000000000001,0.6,0.6333333333333333,0.5833333333333334,0.06666666666666667,0.4166666666666667,0.21666666666666667,0.6999999999999998,0.5833333333333334,0.4166666666666667,0.5666666666666667,0.46666666666666673,0.6666666666666666,0.6666666666666666,0.7833333333333333,0.6666666666666666,0.45,0.5,0.6333333333333333,0.19999999999999998,0.13333333333333333,0.43333333333333335,0.8166666666666668,0.8383333333333333,0.022999999999999996,0.048666666666666664,0.6333333333333333,0.7066666666666667,0.8285714285714286,1.0
9251.0,52.0,24.0,17.0,11.0,9.0,4680.0,451.0,52.0,296.0,645.0,281.0,735.0,732.0,394.0,1135.0,1361.0,1888.0,970.0,967.0,422.0,273.0,0.65,0.55,0.6,0.25,0.6,0.7,0.55,0.75,0.55,0.65,0.75,0.8,0.65,0.05,0.65,0.7,0.6,0.55,0.55,0.65,0.15,0.5,0.55,0.7,0.55,0.45,0.7,0.5,0.7,0.65,0.65,0.65,0.5,0.6,0.5,0.1,0.05,0.55,0.725,0.871,0.011,0.062,0.64,0.67,0.9142857142857143,1.0
9293.0,1.0,5.333333333333333,1.0,1.3333333333333333,5.0,90.0,4.0,1.0,9.0,14.0,6.0,23.0,23.0,11.0,30.0,37.0,42.0,26.0,26.0,7.0,6.0,0.6666666666666666,0.6833333333333332,0.65,0.3666666666666667,0.5499999999999999,0.7000000000000001,0.6166666666666667,0.6666666666666666,0.5666666666666668,0.6666666666666666,0.75,0.6666666666666666,0.6333333333333333,0.5333333333333333,0.6166666666666667,0.6666666666666666,0.6166666666666667,0.6166666666666667,0.6666666666666666,0.6333333333333333,0.25,0.5166666666666666,0.20000000000000004,0.6999999999999998,0.6333333333333333,0.4166666666666667,0.6,0.4166666666666667,0.65,0.6666666666666666,0.75,0.65,0.39999999999999997,0.48333333333333334,0.6166666666666667,0.18333333333333335,0.19999999999999998,0.45,0.7999999999999999,0.8416666666666667,0.020666666666666667,0.055333333333333325,0.6433333333333334,0.7333333333333334,0.7714285714285715,1.0
9762.0,12.0,11.0,1.3333333333333333,1.0,5.0,1080.0,122.0,12.0,111.0,171.0,59.0,148.0,148.0,127.0,220.0,315.0,430.0,188.0,188.0,79.0,72.0,0.6666666666666666,0.6833333333333332,0.65,0.3666666666666667,0.5499999999999999,0.7000000000000001,0.6166666666666667,0.6666666666666666,0.5666666666666668,0.6666666666666666,0.75,0.6666666666666666,0.6333333333333333,0.5333333333333333,0.6166666666666667,0.6666666666666666,0.6166666666666667,0.6166666666666667,0.6666666666666666,0.6333333333333333,0.25,0.5166666666666666,0.20000000000000004,0.6999999999999998,0.6333333333333333,0.4166666666666667,0.6,0.4166666666666667,0.65,0.6666666666666666,0.75,0.65,0.39999999999999997,0.48333333333333334,0.6166666666666667,0.18333333333333335,0.19999999999999998,0.45,0.7999999999999999,0.8416666666666667,0.020666666666666667,0.055333333333333325,0.6433333333333334,0.7333333333333334,0.8,1.0
10079.0,157.0,54.0,49.0,54.0,54.0,14094.0,1386.0,156.0,618.0,1761.0,879.0,2482.0,2482.0,800.0,3727.0,4184.0,5875.0,3400.0,3384.0,1316.0,1479.0,0.85,0.8,0.75,0.1,0.35,0.8,0.4,0.8,0.5,0.6,0.75,0.65,0.55,0.4,0.75,0.65,0.45,0.7,0.6,0.7,0.2,0.4,0.1,0.75,0.75,0.3,0.75,0.4,0.65,0.6,0.9,0.5,0.45,0.5,0.65,0.05,0.05,0.35,0.875,0.772,0.231,0.208,0.7,0.78,0.8571428571428571,1.0
10420.0,29.0,4.0,6.0,19.0,12.0,2502.0,203.0,27.0,270.0,453.0,136.0,301.0,301.0,332.0,554.0,753.0,1013.0,421.0,421.0,254.0,143.0,0.6666666666666666,0.6833333333333332,0.65,0.3666666666666667,0.5499999999999999,0.7000000000000001,0.6166666666666667,0.6666666666666666,0.5666666666666668,0.6666666666666666,0.75,0.6666666666666666,0.6333333333333333,0.5333333333333333,0.6166666666666667,0.6666666666666666,0.6166666666666667,0.6166666666666667,0.6666666666666666,0.6333333333333333,0.25,0.5166666666666666,0.19999999999999998,0.6999999999999998,0.6333333333333333,0.4166666666666667,0.6,0.4166666666666667,0.65,0.6666666666666666,0.75,0.65,0.4000000000000001,0.48333333333333334,0.6166666666666667,0.18333333333333335,0.19999999999999998,0.45,0.7999999999999999,0.8416666666666667,0.020666666666666667,0.05533333333333334,0.6433333333333334,0.7333333333333334,0.9714285714285714,1.0
10466.0,36.0,6.0,11.0,19.0,11.0,3111.0,191.0,34.0,558.0,633.0,109.0,257.0,253.0,645.0,431.0,882.0,1160.0,238.0,237.0,187.0,59.0,0.5,0.75,0.7,0.4,0.6,0.75,0.6,0.65,0.6,0.7,0.75,0.8,0.6,0.4,0.65,0.6,0.65,0.65,0.7,0.75,0.6,0.7,0.4,0.7,0.7,0.6,0.65,0.3,0.6,0.65,0.65,0.6,0.3,0.5,0.6,0.2,0.25,0.35,0.625,0.802,0.002,0.062,0.63,0.76,1.1714285714285715,1.0
10479.0,4.0,3.0,1.0,1.3333333333333333,5.0,360.0,42.0,4.0,43.0,63.0,29.0,46.0,46.0,49.0,68.0,107.0,133.0,58.0,58.0,24.0,13.0,0.6666666666666666,0.6833333333333332,0.65,0.3666666666666667,0.5499999999999999,0.7000000000000001,0.6166666666666667,0.6666666666666666,0.5666666666666668,0.6666666666666666,0.75,0.6666666666666666,0.6333333333333333,0.5333333333333333,0.6166666666666667,0.6666666666666666,0.6166666666666667,0.6166666666666667,0.6666666666666666,0.6333333333333333,0.25,0.5166666666666666,0.20000000000000004,0.6999999999999998,0.6333333333333333,0.4166666666666667,0.6,0.4166666666666667,0.65,0.6666666666666666,0.75,0.65,0.39999999999999997,0.48333333333333334,0.6166666666666667,0.18333333333333335,0.19999999999999998,0.45,0.7999999999999999,0.8416666666666667,0.020666666666666667,0.055333333333333325,0.6433333333333334,0.7333333333333334,0.7142857142857143,1.0
10727.0,4.0,2.0,2.0,7.333333333333333,1.0,360.0,27.0,4.0,43.0,59.0,14.0,41.0,41.0,50.0,64.0,99.0,123.0,49.0,49.0,25.0,14.0,0.65,0.65,0.7,0.4,0.5,0.65,0.65,0.7,0.6,0.85,0.75,0.65,0.65,0.55,0.6,0.7,0.55,0.5,0.65,0.65,0.05,0.35,0.15,0.7,0.6,0.25,0.65,0.4,0.75,0.7,0.75,0.7,0.4,0.45,0.6,0.3,0.15,0.5,0.85,0.842,0.02,0.031,0.63,0.73,0.7428571428571429,1.0
11224.0,10.0,5.0,3.0,2.0,2.0,865.0,107.0,9.0,125.0,160.0,53.0,115.0,115.0,150.0,171.0,271.0,365.0,122.0,121.0,62.0,30.0,0.85,0.65,0.55,0.3,0.55,0.7,0.6,0.65,0.5,0.45,0.75,0.55,0.65,0.65,0.6,0.7,0.65,0.7,0.65,0.5,0.1,0.5,0.05,0.7,0.6,0.4,0.5,0.55,0.6,0.65,0.85,0.65,0.5,0.5,0.65,0.05,0.2,0.5,0.925,0.881,0.04,0.073,0.67,0.71,0.9142857142857143,1.0
11341.0,112.0,38.0,32.0,42.0,30.0,10078.0,794.0,112.0,954.0,1262.0,490.0,903.0,903.0,1259.0,1592.0,2155.0,2950.0,900.0,896.0,709.0,96.0,0.7333333333333333,0.7666666666666666,0.6666666666666666,0.5666666666666668,0.5666666666666667,0.7166666666666667,0.75,0.7333333333333334,0.6333333333333333,0.5666666666666667,0.7666666666666666,0.5833333333333334,0.7166666666666667,0.5833333333333334,0.6333333333333334,0.7166666666666667,0.6333333333333334,0.6000000000000001,0.6166666666666667,0.6666666666666666,0.5333333333333333,0.5333333333333333,0.3833333333333333,0.6000000000000001,0.6666666666666666,0.5333333333333333,0.48333333333333334,0.5499999999999999,0.7333333333333334,0.5666666666666668,0.7666666666666666,0.6833333333333332,0.4666666666666666,0.6,0.6666666666666666,0.31666666666666665,0.15000000000000002,0.5833333333333334,0.775,0.8616666666666667,0.09233333333333334,0.102,0.7166666666666667,0.8033333333333333,0.9714285714285714,1.0
11373.0,87.0,24.0,17.0,46.0,30.0,7740.0,517.0,85.0,1880.0,2024.0,276.0,472.0,472.0,2054.0,832.0,2476.0,3203.0,421.0,422.0,399.0,79.0,0.7166666666666667,0.6999999999999998,0.6333333333333333,0.4833333333333334,0.5666666666666668,0.6999999999999998,0.6666666666666666,0.7166666666666667,0.6,0.6166666666666667,0.75,0.6666666666666666,0.6666666666666666,0.39999999999999997,0.6333333333333333,0.6999999999999998,0.6000000000000001,0.5666666666666667,0.5666666666666667,0.6166666666666667,0.4166666666666667,0.48333333333333334,0.4166666666666667,0.6166666666666666,0.6,0.43333333333333335,0.5499999999999999,0.5833333333333334,0.6999999999999998,0.6166666666666667,0.75,0.7166666666666667,0.5166666666666667,0.6,0.6,0.25,0.13333333333333333,0.5666666666666667,0.7666666666666667,0.8713333333333333,0.09600000000000002,0.12133333333333333,0.68,0.7566666666666667,0.8,1.0
12192.0,124.0,55.0,40.0,29.0,28.0,11160.0,1050.0,124.0,1571.0,2247.0,652.0,1384.0,1384.0,1873.0,2342.0,3596.0,4760.0,1723.0,1723.0,1017.0,388.0,0.75,0.7666666666666666,0.6,0.4833333333333334,0.55,0.7666666666666666,0.7166666666666667,0.7000000000000001,0.6333333333333333,0.6166666666666667,0.7666666666666666,0.6166666666666666,0.7333333333333334,0.4833333333333334,0.6166666666666667,0.6999999999999998,0.6666666666666666,0.6333333333333334,0.6,0.6833333333333332,0.3666666666666667,0.5166666666666667,0.20000000000000004,0.6666666666666666,0.6333333333333333,0.5833333333333334,0.5,0.5,0.6833333333333332,0.6,0.7999999999999999,0.65,0.4666666666666666,0.6333333333333333,0.6833333333333332,0.25,0.11666666666666668,0.5833333333333334,0.7916666666666666,0.8483333333333333,0.06433333333333334,0.06733333333333333,0.7133333333333333,0.7866666666666667,0.8571428571428571,1.0
12444.0,71.0,43.0,16.0,12.0,14.0,6377.0,558.0,70.0,848.0,1376.0,300.0,982.0,982.0,1024.0,1721.0,2345.0,2926.0,1323.0,1321.0,758.0,495.0,0.7166666666666667,0.6999999999999998,0.6333333333333333,0.4833333333333334,0.5666666666666668,0.6999999999999998,0.6666666666666666,0.7166666666666667,0.6,0.6166666666666667,0.75,0.6666666666666666,0.6666666666666666,0.39999999999999997,0.6333333333333333,0.6999999999999998,0.6000000000000001,0.5666666666666667,0.5666666666666667,0.6166666666666667,0.4166666666666667,0.48333333333333334,0.4166666666666667,0.6166666666666666,0.6,0.43333333333333335,0.5499999999999999,0.5833333333333334,0.6999999999999998,0.6166666666666667,0.75,0.7166666666666667,0.5166666666666667,0.6,0.6,0.25,0.13333333333333333,0.5666666666666667,0.7666666666666667,0.8713333333333333,0.09600000000000002,0.12133333333333333,0.68,0.7566666666666667,0.9428571428571428,1.0
12707.0,196.0,25.0,22.0,149.0,97.0,17517.0,826.0,196.0,4117.0,4355.0,466.0,807.0,807.0,4312.0,1499.0,5127.0,6721.0,822.0,815.0,765.0,395.0,0.7666666666666666,0.7333333333333334,0.7166666666666667,0.39999999999999997,0.5666666666666667,0.7833333333333333,0.65,0.8333333333333334,0.6166666666666666,0.6,0.7999999999999999,0.6666666666666666,0.6833333333333332,0.5333333333333333,0.75,0.6999999999999998,0.6666666666666666,0.7000000000000001,0.6999999999999998,0.8166666666666668,0.45,0.5333333333333333,0.3666666666666667,0.7666666666666666,0.6833333333333332,0.5333333333333333,0.7000000000000001,0.4833333333333334,0.75,0.6333333333333334,0.75,0.6333333333333333,0.4833333333333334,0.5666666666666668,0.7000000000000001,0.15,0.13333333333333333,0.5499999999999999,0.7916666666666666,0.8383333333333333,0.07733333333333334,0.072,0.7799999999999999,0.8300000000000001,0.8285714285714286,1.0
13485.0,4.0,4.0,1.6666666666666667,2.0,3.0,360.0,47.0,4.0,14.0,53.0,15.0,55.0,55.0,20.0,95.0,106.0,126.0,86.0,86.0,43.0,39.0,0.7333333333333333,0.6166666666666667,0.5833333333333334,0.3666666666666667,0.5833333333333334,0.6833333333333332,0.6166666666666667,0.6833333333333332,0.5666666666666668,0.6166666666666667,0.7666666666666666,0.6166666666666667,0.6333333333333333,0.5666666666666667,0.6166666666666667,0.6833333333333332,0.6333333333333334,0.6333333333333333,0.65,0.6333333333333333,0.06666666666666667,0.3833333333333333,0.11666666666666665,0.6999999999999998,0.6,0.35000000000000003,0.5833333333333334,0.5333333333333333,0.6833333333333332,0.6666666666666666,0.75,0.6666666666666666,0.5,0.48333333333333334,0.6000000000000001,0.25,0.13333333333333333,0.5499999999999999,0.8166666666666668,0.5743333333333333,0.08966666666666667,0.05533333333333334,0.6633333333333332,0.7366666666666667,0.7428571428571429,1.0
13555.0,7.0,1.0,2.0,4.0,6.0,630.0,40.0,7.0,74.0,109.0,23.0,72.0,72.0,93.0,124.0,181.0,258.0,88.0,88.0,54.0,35.0,0.7333333333333333,0.6166666666666667,0.5833333333333334,0.3666666666666667,0.5833333333333334,0.6833333333333332,0.6166666666666667,0.6833333333333332,0.5666666666666668,0.6166666666666667,0.7666666666666666,0.6166666666666667,0.6333333333333333,0.5666666666666667,0.6166666666666667,0.6833333333333332,0.6333333333333334,0.6333333333333333,0.65,0.6333333333333333,0.06666666666666667,0.3833333333333333,0.11666666666666665,0.6999999999999998,0.6,0.35000000000000003,0.5833333333333334,0.5333333333333333,0.6833333333333332,0.6666666666666666,0.75,0.6666666666666666,0.5,0.48333333333333334,0.6000000000000001,0.25,0.13333333333333333,0.5499999999999999,0.8166666666666668,0.5743333333333333,0.08966666666666667,0.05533333333333334,0.6633333333333332,0.7366666666666667,1.0,1.0
13556.0,1.0,2.6666666666666665,1.6666666666666667,1.0,1.0,90.0,2.0,1.0,11.0,13.0,4.0,14.0,14.0,16.0,16.0,27.0,33.0,11.0,11.0,2.0,4.0,0.7333333333333333,0.6166666666666667,0.5833333333333334,0.3666666666666667,0.5833333333333334,0.6833333333333332,0.6166666666666667,0.6833333333333332,0.5666666666666668,0.6166666666666667,0.7666666666666666,0.6166666666666667,0.6333333333333333,0.5666666666666667,0.6166666666666667,0.6833333333333332,0.6333333333333334,0.6333333333333333,0.65,0.6333333333333333,0.06666666666666667,0.3833333333333333,0.11666666666666665,0.6999999999999998,0.6,0.35000000000000003,0.5833333333333334,0.5333333333333333,0.6833333333333332,0.6666666666666666,0.75,0.6666666666666666,0.5,0.48333333333333334,0.6000000000000001,0.25,0.13333333333333333,0.5499999999999999,0.8166666666666668,0.5743333333333333,0.08966666666666667,0.05533333333333334,0.6633333333333332,0.7366666666666667,0.7428571428571429,1.0
13703.0,124.0,61.0,13.0,50.0,29.0,11160.0,977.0,124.0,1250.0,1791.0,596.0,1562.0,1562.0,1430.0,2220.0,3328.0,4568.0,1904.0,1899.0,708.0,897.0,0.7,0.75,0.7,0.5,0.6,0.75,0.8,0.8,0.65,0.5,0.8,0.55,0.8,0.6,0.65,0.75,0.7,0.65,0.7,0.8,0.5,0.65,0.45,0.65,0.75,0.75,0.5,0.4,0.8,0.5,0.7,0.55,0.35,0.6,0.7,0.3,0.1,0.6,0.75,0.842,0.0,0.004,0.75,0.81,0.6857142857142857,1.0
13777.0,5.0,3.0,2.0,2.0,3.0,405.0,32.0,4.0,27.0,70.0,31.0,61.0,61.0,29.0,113.0,128.0,171.0,99.0,99.0,55.0,46.0,0.7333333333333333,0.6166666666666667,0.5833333333333334,0.3666666666666667,0.5833333333333334,0.6833333333333332,0.6166666666666667,0.6833333333333332,0.5666666666666668,0.6166666666666667,0.7666666666666666,0.6166666666666667,0.6333333333333333,0.5666666666666667,0.6166666666666667,0.6833333333333332,0.6333333333333334,0.6333333333333333,0.65,0.6333333333333333,0.06666666666666667,0.3833333333333333,0.11666666666666665,0.6999999999999998,0.6,0.35000000000000003,0.5833333333333334,0.5333333333333333,0.6833333333333332,0.6666666666666666,0.75,0.6666666666666666,0.5,0.48333333333333334,0.6000000000000001,0.25,0.13333333333333333,0.5499999999999999,0.8166666666666668,0.5743333333333333,0.08966666666666667,0.05533333333333334,0.6633333333333332,0.7366666666666667,0.8571428571428571,1.0
13795.0,2.0,2.6666666666666665,1.0,1.0,3.0,180.0,21.0,2.0,30.0,36.0,13.0,13.0,13.0,33.0,26.0,47.0,71.0,14.0,14.0,15.0,4.0,0.7333333333333333,0.6166666666666667,0.5833333333333334,0.3666666666666667,0.5833333333333334,0.6833333333333332,0.6166666666666667,0.6833333333333332,0.5666666666666668,0.6166666666666667,0.7666666666666666,0.6166666666666667,0.6333333333333333,0.5666666666666667,0.6166666666666667,0.6833333333333332,0.6333333333333334,0.6333333333333333,0.65,0.6333333333333333,0.06666666666666667,0.3833333333333333,0.11666666666666665,0.6999999999999998,0.6,0.35000000000000003,0.5833333333333334,0.5333333333333333,0.6833333333333332,0.6666666666666666,0.75,0.6666666666666666,0.5,0.48333333333333334,0.6000000000000001,0.25,0.13333333333333333,0.5499999999999999,0.8166666666666668,0.5743333333333333,0.08966666666666667,0.05533333333333334,0.6633333333333332,0.7366666666666667,0.9428571428571428,1.0
13988.0,64.0,20.0,17.0,27.0,21.0,5715.0,506.0,63.0,493.0,800.0,278.0,895.0,895.0,598.0,1262.0,1684.0,2262.0,1088.0,1086.0,387.0,527.0,0.65,0.7,0.75,0.65,0.55,0.65,0.7,0.75,0.6,0.7,0.75,0.5,0.65,0.75,0.7,0.7,0.55,0.6,0.65,0.7,0.65,0.6,0.65,0.6,0.65,0.4,0.5,0.65,0.75,0.6,0.7,0.75,0.55,0.6,0.6,0.25,0.15,0.5,0.675,0.842,0.115,0.25,0.7,0.8,0.7142857142857143,1.0
14538.0,79.0,25.0,28.0,26.0,25.0,7109.0,557.0,79.0,1657.0,1908.0,326.0,887.0,887.0,1822.0,1287.0,2769.0,3538.0,948.0,947.0,454.0,433.0,0.85,0.85,0.55,0.55,0.55,0.75,0.75,0.65,0.65,0.5,0.75,0.7,0.7,0.4,0.55,0.7,0.65,0.55,0.5,0.5,0.45,0.35,0.05,0.55,0.6,0.45,0.45,0.6,0.65,0.6,0.9,0.75,0.5,0.6,0.7,0.4,0.2,0.65,0.9,0.901,0.162,0.052,0.7,0.8,0.7142857142857143,1.0
14723.0,4.0,1.0,1.0,2.0,2.0,360.0,32.0,4.0,106.0,109.0,11.0,21.0,21.0,113.0,29.0,130.0,173.0,17.0,17.0,8.0,2.0,0.7,0.55,0.5,0.4,0.7,0.7,0.6,0.7,0.6,0.55,0.8,0.65,0.6,0.5,0.65,0.65,0.7,0.7,0.65,0.75,0.05,0.3,0.15,0.7,0.6,0.4,0.6,0.65,0.7,0.65,0.65,0.65,0.6,0.5,0.55,0.4,0.05,0.65,0.675,0.0,0.209,0.062,0.69,0.77,0.6857142857142857,1.0
15269.0,31.0,16.0,8.0,7.0,6.0,2790.0,300.0,31.0,232.0,351.0,182.0,435.0,435.0,289.0,602.0,778.0,1025.0,489.0,489.0,180.0,151.0,0.6833333333333332,0.6666666666666666,0.65,0.5666666666666668,0.5666666666666667,0.6833333333333332,0.65,0.7333333333333334,0.5499999999999999,0.6166666666666666,0.7833333333333333,0.6,0.6333333333333333,0.5666666666666667,0.6999999999999998,0.7166666666666668,0.6333333333333334,0.6333333333333333,0.65,0.7333333333333334,0.31666666666666665,0.4833333333333334,0.31666666666666665,0.6666666666666666,0.6833333333333332,0.43333333333333335,0.5333333333333333,0.5833333333333334,0.7166666666666667,0.6166666666666667,0.6666666666666666,0.6833333333333332,0.5333333333333333,0.5833333333333334,0.5833333333333334,0.35000000000000003,0.13333333333333333,0.5166666666666667,0.7083333333333334,0.5579999999999999,0.17,0.13166666666666668,0.6999999999999998,0.7666666666666666,0.7428571428571429,1.0
15715.0,53.0,26.0,9.0,18.0,15.0,4725.0,456.0,53.0,745.0,871.0,237.0,487.0,487.0,851.0,662.0,1338.0,1960.0,490.0,487.0,204.0,174.0,0.7,0.75,0.7,0.65,0.45,0.7,0.65,0.75,0.45,0.6,0.8,0.65,0.65,0.45,0.75,0.8,0.65,0.6,0.65,0.75,0.25,0.55,0.15,0.7,0.8,0.5,0.5,0.45,0.7,0.6,0.65,0.65,0.45,0.65,0.6,0.4,0.2,0.4,0.775,0.832,0.186,0.083,0.71,0.73,0.8285714285714286,1.0
16793.0,3.0,1.0,1.3333333333333333,2.0,1.0,270.0,18.0,3.0,64.0,68.0,21.0,11.0,11.0,71.0,20.0,78.0,116.0,7.0,7.0,11.0,3.0,0.65,0.6,0.6166666666666666,0.6166666666666667,0.6,0.6999999999999998,0.6499999999999999,0.75,0.5499999999999999,0.6000000000000001,0.8000000000000002,0.7166666666666667,0.6333333333333333,0.45,0.7000000000000001,0.7000000000000001,0.6833333333333332,0.5499999999999999,0.6166666666666667,0.75,0.26666666666666666,0.39999999999999997,0.23333333333333336,0.6833333333333332,0.6666666666666666,0.5,0.5333333333333333,0.6,0.7166666666666667,0.65,0.6833333333333332,0.6666666666666666,0.5666666666666667,0.5833333333333334,0.6000000000000001,0.2833333333333334,0.10000000000000002,0.5499999999999999,0.725,0.5643333333333334,0.13699999999999998,0.069,0.6866666666666666,0.7333333333333334,1.0285714285714285,1.0
19600.0,29.0,4.0,8.0,17.0,13.0,2610.0,122.0,29.0,460.0,524.0,81.0,271.0,270.0,506.0,385.0,789.0,1041.0,283.0,283.0,124.0,81.0,0.55,0.5,0.65,0.8,0.65,0.7,0.7,0.8,0.6,0.65,0.8,0.85,0.65,0.4,0.7,0.65,0.7,0.35,0.55,0.75,0.5,0.35,0.4,0.65,0.6,0.6,0.5,0.7,0.75,0.7,0.75,0.7,0.65,0.6,0.65,0.05,0.05,0.6,0.725,0.861,0.016,0.062,0.66,0.7,0.8285714285714286,1.0
19675.0,2.0,2.0,3.6666666666666665,7.333333333333333,5.0,158.0,20.0,1.0,16.0,19.0,12.0,21.0,21.0,23.0,25.0,40.0,61.0,17.0,17.0,4.0,5.0,0.65,0.6,0.6166666666666666,0.6166666666666667,0.6,0.6999999999999998,0.6499999999999999,0.75,0.5499999999999999,0.6000000000000001,0.8000000000000002,0.7166666666666667,0.6333333333333333,0.45,0.7000000000000001,0.7000000000000001,0.6833333333333332,0.5499999999999999,0.6166666666666667,0.75,0.26666666666666666,0.39999999999999997,0.23333333333333336,0.6833333333333332,0.6666666666666666,0.5,0.5333333333333333,0.6,0.7166666666666667,0.65,0.6833333333333332,0.6666666666666666,0.5666666666666667,0.5833333333333334,0.6000000000000001,0.2833333333333334,0.10000000000000002,0.5499999999999999,0.725,0.5643333333333334,0.13699999999999998,0.069,0.6866666666666666,0.7333333333333334,1.0857142857142856,1.0
19771.0,2.0,2.0,3.6666666666666665,7.333333333333333,5.0,180.0,26.0,2.0,25.0,32.0,11.0,15.0,15.0,32.0,31.0,47.0,84.0,15.0,15.0,16.0,2.0,0.65,0.6,0.6166666666666666,0.6166666666666667,0.6,0.6999999999999998,0.6499999999999999,0.75,0.5499999999999999,0.6000000000000001,0.8000000000000002,0.7166666666666667,0.6333333333333333,0.45,0.7000000000000001,0.7000000000000001,0.6833333333333332,0.5499999999999999,0.6166666666666667,0.75,0.26666666666666666,0.39999999999999997,0.23333333333333336,0.6833333333333332,0.6666666666666666,0.5,0.5333333333333333,0.6,0.7166666666666667,0.65,0.6833333333333332,0.6666666666666666,0.5666666666666667,0.5833333333333334,0.6000000000000001,0.2833333333333334,0.10000000000000002,0.5499999999999999,0.725,0.5643333333333334,0.13699999999999998,0.069,0.6866666666666666,0.7333333333333334,0.9714285714285714,1.0
20559.0,151.0,17.0,29.0,105.0,68.0,13525.0,838.0,150.0,3508.0,3755.0,421.0,757.0,757.0,3716.0,1319.0,4495.0,5967.0,783.0,779.0,621.0,240.0,0.75,0.65,0.7,0.6,0.75,0.8,0.75,0.9,0.7,0.7,0.85,0.8,0.7,0.6,0.85,0.7,0.85,0.75,0.8,0.95,0.65,0.55,0.55,0.9,0.55,0.55,0.85,0.65,0.8,0.8,0.65,0.85,0.65,0.6,0.75,0.1,0.25,0.7,0.75,0.901,0.001,0.004,0.89,0.9,0.8571428571428571,1.0
23585.0,12.0,7.0,2.0,3.0,1.0,1080.0,109.0,12.0,224.0,276.0,66.0,182.0,182.0,272.0,252.0,456.0,591.0,184.0,184.0,80.0,55.0,0.65,0.6,0.6166666666666667,0.6166666666666667,0.6,0.6999999999999998,0.65,0.75,0.5499999999999999,0.6,0.8000000000000002,0.7166666666666667,0.6333333333333333,0.45,0.7000000000000001,0.7000000000000001,0.6833333333333332,0.5499999999999999,0.6166666666666667,0.75,0.26666666666666666,0.39999999999999997,0.23333333333333336,0.6833333333333332,0.6666666666666666,0.5,0.5333333333333333,0.6,0.7166666666666667,0.6499999999999999,0.6833333333333332,0.6666666666666666,0.5666666666666668,0.5833333333333334,0.6,0.2833333333333334,0.09999999999999999,0.5499999999999999,0.725,0.5643333333333334,0.137,0.069,0.6866666666666666,0.7333333333333334,0.6857142857142857,1.0
25311.0,15.0,8.0,3.0,4.0,4.0,1291.0,101.0,14.0,59.0,167.0,36.0,207.0,207.0,82.0,337.0,373.0,469.0,295.0,291.0,131.0,70.0,0.65,0.6,0.6166666666666667,0.6166666666666667,0.6,0.6999999999999998,0.65,0.75,0.5499999999999999,0.6,0.8000000000000002,0.7166666666666667,0.6333333333333333,0.45,0.7000000000000001,0.7000000000000001,0.6833333333333332,0.5499999999999999,0.6166666666666667,0.75,0.26666666666666666,0.39999999999999997,0.23333333333333336,0.6833333333333332,0.6666666666666666,0.5,0.5333333333333333,0.6,0.7166666666666667,0.6499999999999999,0.6833333333333332,0.6666666666666666,0.5666666666666668,0.5833333333333334,0.6,0.2833333333333334,0.09999999999999999,0.5499999999999999,0.725,0.5643333333333334,0.137,0.069,0.6866666666666666,0.7333333333333334,1.0571428571428572,1.0
50453.0,12.0,9.0,13.0,3.0,3.0,1035.0,129.0,11.0,134.0,199.0,67.0,96.0,96.0,157.0,176.0,295.0,402.0,138.0,138.0,82.0,36.0,0.7,0.55,0.65,0.35,0.45,0.7,0.7,0.6,0.5,0.35,0.75,0.4,0.7,0.4,0.7,0.6,0.5,0.6,0.55,0.6,0.3,0.4,0.05,0.7,0.55,0.45,0.6,0.55,0.65,0.5,0.65,0.7,0.55,0.75,0.55,0.25,0.15,0.5,0.75,0.0,0.03,0.042,0.63,0.73,0.6571428571428571,1.0
51416.0,7.0,4.0,2.0,1.0,1.0,537.0,47.0,5.0,54.0,80.0,37.0,78.0,78.0,59.0,106.0,152.0,204.0,96.0,93.0,35.0,31.0,0.6999999999999998,0.5666666666666668,0.6333333333333333,0.5499999999999999,0.5499999999999999,0.6833333333333332,0.6666666666666666,0.7333333333333334,0.5499999999999999,0.4833333333333334,0.7833333333333333,0.6333333333333333,0.6666666666666666,0.4666666666666666,0.7333333333333334,0.6499999999999999,0.6166666666666666,0.5499999999999999,0.5666666666666667,0.65,0.3333333333333333,0.3833333333333333,0.21666666666666667,0.6666666666666666,0.5833333333333334,0.5166666666666666,0.5666666666666667,0.5666666666666667,0.7333333333333334,0.6,0.75,0.7166666666666667,0.5499999999999999,0.6666666666666666,0.5333333333333333,0.20000000000000004,0.11666666666666665,0.5666666666666668,0.7833333333333333,0.5313333333333333,0.10133333333333334,0.06233333333333333,0.66,0.7466666666666667,0.9142857142857143,1.0
54392.0,2.0,10.0,13.0,2.0,1.0,180.0,11.0,2.0,49.0,49.0,5.0,10.0,10.0,53.0,13.0,59.0,74.0,6.0,6.0,3.0,1.0,0.6999999999999998,0.5666666666666668,0.6333333333333333,0.5499999999999999,0.5499999999999999,0.6833333333333332,0.6666666666666666,0.7333333333333334,0.5499999999999999,0.4833333333333334,0.7833333333333333,0.6333333333333333,0.6666666666666666,0.4666666666666666,0.7333333333333334,0.6499999999999999,0.6166666666666666,0.5499999999999999,0.5666666666666667,0.65,0.3333333333333333,0.3833333333333333,0.21666666666666667,0.6666666666666666,0.5833333333333334,0.5166666666666666,0.5666666666666667,0.5666666666666667,0.7333333333333334,0.6,0.75,0.7166666666666667,0.5499999999999999,0.6666666666666666,0.5333333333333333,0.20000000000000004,0.11666666666666665,0.5666666666666668,0.7833333333333333,0.5313333333333333,0.10133333333333334,0.06233333333333333,0.66,0.7466666666666667,0.7714285714285715,1.0
54889.0,74.0,17.0,18.0,39.0,31.0,6570.0,407.0,73.0,1472.0,1578.0,253.0,357.0,357.0,1604.0,593.0,1927.0,2522.0,323.0,323.0,270.0,75.0,0.7666666666666666,0.6166666666666667,0.65,0.48333333333333334,0.5833333333333334,0.7166666666666668,0.6833333333333332,0.7666666666666666,0.5833333333333334,0.5,0.7999999999999999,0.6166666666666667,0.6833333333333332,0.5333333333333333,0.7833333333333333,0.6666666666666666,0.6666666666666666,0.6833333333333332,0.65,0.7166666666666667,0.3833333333333333,0.45,0.26666666666666666,0.75,0.5666666666666667,0.5,0.6833333333333332,0.5499999999999999,0.75,0.6333333333333334,0.7166666666666667,0.7666666666666666,0.5499999999999999,0.6666666666666666,0.5666666666666668,0.21666666666666667,0.18333333333333335,0.6,0.7916666666666666,0.5446666666666666,0.09633333333333334,0.043000000000000003,0.7366666666666667,0.8133333333333334,0.8571428571428571,1.0
66378.0,87.0,39.0,19.0,29.0,18.0,7795.0,822.0,87.0,1698.0,1792.0,455.0,782.0,782.0,1966.0,1079.0,2541.0,3744.0,583.0,575.0,360.0,141.0,0.85,0.65,0.6,0.5,0.55,0.65,0.6,0.8,0.55,0.45,0.8,0.65,0.65,0.6,0.8,0.7,0.65,0.7,0.6,0.6,0.2,0.4,0.2,0.65,0.6,0.5,0.6,0.45,0.8,0.6,0.85,0.75,0.45,0.65,0.4,0.3,0.15,0.6,0.875,0.733,0.258,0.083,0.69,0.81,0.6285714285714286,1.0
